_id,studentId,majorName,requirements[0].category,requirements[1].category,requirements[2].category,requirements[3].category,requirements[4].category,requirements[5].category,requirements[0].courses[0],requirements[1].courses[0],requirements[1].courses[1],requirements[1].courses[2],requirements[1].courses[3],requirements[1].courses[4],requirements[1].courses[5],requirements[1].courses[6],requirements[1].courses[7],requirements[1].courses[8],requirements[1].courses[9],requirements[1].courses[10],requirements[1].courses[11],requirements[1].courses[12],requirements[1].courses[13],requirements[1].courses[14],requirements[1].courses[15],requirements[1].courses[16],requirements[2].courses[0],requirements[2].courses[1],requirements[2].courses[2],requirements[2].courses[3],requirements[2].courses[4],requirements[2].courses[5],requirements[2].courses[6],requirements[2].courses[7],requirements[2].courses[8],requirements[2].courses[9],requirements[2].courses[10],requirements[2].courses[11],requirements[2].courses[12],requirements[2].courses[13],requirements[2].courses[14],requirements[2].courses[15],requirements[2].courses[16],requirements[2].courses[17],requirements[2].courses[18],requirements[2].courses[19],requirements[2].courses[20],requirements[2].courses[21],requirements[2].courses[22],requirements[2].courses[23],requirements[2].courses[24],requirements[2].courses[25],requirements[2].courses[26],requirements[0].courses[1],requirements[0].courses[2],requirements[0].courses[3],requirements[0].courses[4],requirements[0].courses[5],requirements[0].courses[6],requirements[0].courses[7],requirements[0].courses[8],requirements[0].courses[9],requirements[3].courses[0],requirements[3].courses[1],requirements[3].courses[2],requirements[3].courses[3],requirements[3].courses[4],requirements[3].courses[5],requirements[3].courses[6],requirements[3].courses[7],requirements[3].courses[8],requirements[3].courses[9],requirements[1].courses[17],requirements[1].courses[18],requirements[1].courses[19],requirements[1].courses[20],requirements[1].courses[21],requirements[1].courses[22],requirements[1].courses[23],requirements[1].courses[24],requirements[1].courses[25],requirements[1].courses[26],requirements[1].courses[27],requirements[1].courses[28],requirements[1].courses[29],requirements[1].courses[30],requirements[1].courses[31],requirements[1].courses[32],requirements[1].courses[33],requirements[0].courses[10],requirements[0].courses[11],requirements[0].courses[12],requirements[0].courses[13],requirements[0].courses[14],requirements[0].courses[15],requirements[0].courses[16],requirements[0].courses[17],requirements[0].courses[18],requirements[0].courses[19],requirements[0].courses[20],requirements[0].courses[21],requirements[0].courses[22],requirements[0].courses[23],requirements[0].courses[24],requirements[0].courses[25],requirements[0].courses[26],requirements[0].courses[27],requirements[0].courses[28],requirements[0].courses[29],requirements[0].courses[30],requirements[0].courses[31],requirements[0].courses[32],requirements[3].units,requirements[0].units,requirements[2].units,requirements[1].units,requirements[4].units,requirements[5].units,requirements[6].units,requirements[7].units,requirements[8].units,requirements[9].units,requirements[10].units,requirements[11].units,requirements[12].units,requirements[13].units,requirements[14].units,requirements[15].units,requirements[16].units,requirements[17].units,requirements[18].units,requirements[19].units,requirements[20].units,studentID,minorName,requirements[4].text,requirements[2].totalUnits,requirements[2].notes,requirements[3].notes,eligibility,description,eligibilityRequirements,applicationProcess,ILPRequirements[0],ILPRequirements[1],ILPRequirements[2],ILPRequirements[3],ILPRequirements[4],ILPRequirements[5],ILPRequirements[6],approvalProcess,programRequirements.units,programRequirements.courseLevelRequirements.totalUnits,programRequirements.courseLevelRequirements.minUnits400Level,programRequirements.courseLevelRequirements.max200LevelForMinor,programRequirements.schoolOfBusinessRequirement.minUnits,requirements.generalEducationRequirements,requirements.foundationRequirements,requirements.coreCourses[0],requirements.coreCourses[1],requirements.coreCourses[2],requirements.requiredCourses[0],requirements.requiredCourses[1],requirements.electiveCourses.selectOneFrom[0],requirements.electiveCourses.selectOneFrom[1],requirements.electiveCourses.selectOneFrom[2],requirements.electiveCourses.units,requirements.capstoneRequirement,generalElectives,totalUnits,majorRequirements.units,majorRequirements.coreCourses[0],majorRequirements.coreCourses[1],majorRequirements.coreCourses[2],majorRequirements.coreCourses[3],majorRequirements.coreCourses[4],majorRequirements.requiredCourses[0],majorRequirements.requiredCourses[1],commonBodyOfKnowledge.units,commonBodyOfKnowledge.courses[0],commonBodyOfKnowledge.courses[1],commonBodyOfKnowledge.courses[2],commonBodyOfKnowledge.courses[3],commonBodyOfKnowledge.courses[4],commonBodyOfKnowledge.courses[5],commonBodyOfKnowledge.courses[6],commonBodyOfKnowledge.courses[7],experientialLearning.description,experientialLearning.requirements[0],experientialLearning.requirements[1],experientialLearning.requirements[2],experientialLearning.preApprovedActivities,internationalBusinessRequirement,minorRequirements.units,minorRequirements.requiredCourses[0],minorRequirements.requiredCourses[1],minorRequirements.electiveCourses[0],minorRequirements.electiveCourses[1],minorRequirements.electiveCourses[2],minorRequirements.electiveCourses[3],minorRequirements.electiveCourses[4],minorRequirements.electiveCourses[5],minorRequirements.electiveCourses[6],minorRequirements.electiveCourses[7],minorRequirements.electiveCourses[8],minorRequirements.electiveCourses[9],minorRequirements.electiveCourses[10],minorRequirements.electiveCourses[11],minorRequirements.electiveCourses[12],minorRequirements.electiveCourses[13],minorRequirements.electiveCourses[14],minorRequirements.electiveCourses[15],minorRequirements.electiveCourses[16],minorRequirements.electiveCourses[17],minorRequirements.electiveCourses[18],minorRequirements.electiveCourses[19],minorRequirements.electiveCourses[20],minorRequirements.electiveCourses[21],majorRequirements.generalEducationRequirements,majorRequirements.generalCommunicationAndMediaStudies,majorRequirements.researchMethodsInCommunicationAndMediaStudies,majorRequirements.upperDivisionCommunicationAndMediaStudies,majorRequirements.otherRequirements[0],majorRequirements.otherRequirements[1],majorRequirements.otherRequirements[2],minorRequirements.requirements[0],minorRequirements.requirements[1],minorRequirements.generalCommunicationAndMediaStudies[0],minorRequirements.generalCommunicationAndMediaStudies[1],minorRequirements.generalCommunicationAndMediaStudies[2],minorRequirements.generalCommunicationAndMediaStudies[3],minorRequirements.generalCommunicationAndMediaStudies[4],minorRequirements.generalCommunicationAndMediaStudies[5],minorRequirements.generalCommunicationAndMediaStudies[6],minorRequirements.generalCommunicationAndMediaStudies[7],minorRequirements.generalCommunicationAndMediaStudies[8],minorRequirements.researchMethodsInCommunicationAndMediaStudies[0],minorRequirements.researchMethodsInCommunicationAndMediaStudies[1],minorRequirements.researchMethodsInCommunicationAndMediaStudies[2],minorRequirements.researchMethodsInCommunicationAndMediaStudies[3],minorRequirements.upperDivisionCommunicationAndMediaStudies[0],minorRequirements.upperDivisionCommunicationAndMediaStudies[1],minorRequirements.upperDivisionCommunicationAndMediaStudies[2],minorRequirements.upperDivisionCommunicationAndMediaStudies[3],minorRequirements.upperDivisionCommunicationAndMediaStudies[4],minorRequirements.upperDivisionCommunicationAndMediaStudies[5],minorRequirements.upperDivisionCommunicationAndMediaStudies[6],minorRequirements.upperDivisionCommunicationAndMediaStudies[7],minorRequirements.upperDivisionCommunicationAndMediaStudies[8],minorRequirements.upperDivisionCommunicationAndMediaStudies[9],minorRequirements.upperDivisionCommunicationAndMediaStudies[10],minorRequirements.upperDivisionCommunicationAndMediaStudies[11],minorRequirements.upperDivisionCommunicationAndMediaStudies[12],minorRequirements.upperDivisionCommunicationAndMediaStudies[13],minorRequirements.upperDivisionCommunicationAndMediaStudies[14],minorRequirements.upperDivisionCommunicationAndMediaStudies[15],student_id,courses[0].course_code,courses[1].course_code,courses[2].course_code,courses[3].course_code,courses[4].course_code,courses[5].course_code,courses[6].course_code,courses[7].course_code,courses[8].course_code,courses[9].course_code,courses[10].course_code,courses[11].course_code,courses[12].course_code,courses[13].course_code,courses[14].course_code,courses[0].course_title,courses[1].course_title,courses[2].course_title,courses[3].course_title,courses[4].course_title,courses[5].course_title,courses[6].course_title,courses[7].course_title,courses[8].course_title,courses[9].course_title,courses[10].course_title,courses[11].course_title,courses[12].course_title,courses[13].course_title,courses[14].course_title,courses[0].units,courses[1].units,courses[2].units,courses[3].units,courses[4].units,courses[5].units,courses[6].units,courses[7].units,courses[8].units,courses[9].units,courses[10].units,courses[11].units,courses[12].units,courses[13].units,courses[14].units,courses[0].description,courses[1].description,courses[2].description,courses[3].description,courses[4].description,courses[5].description,courses[6].description,courses[7].description,courses[8].description,courses[9].description,courses[10].description,courses[11].description,courses[12].description,courses[13].description,courses[14].description,overview,general_education_requirements,major_requirements[0].course_code,major_requirements[1].course_code,major_requirements[2].course_code,major_requirements[3].course_code,major_requirements[4].course_code,major_requirements[5].course_code,major_requirements[6].course_code,major_requirements[7].course_code,major_requirements[8].course_code,major_requirements[9].course_code,major_requirements[10].course_code,major_requirements[0].course_title,major_requirements[1].course_title,major_requirements[2].course_title,major_requirements[3].course_title,major_requirements[4].course_title,major_requirements[5].course_title,major_requirements[6].course_title,major_requirements[7].course_title,major_requirements[8].course_title,major_requirements[9].course_title,major_requirements[10].course_title,major_requirements[0].units,major_requirements[1].units,major_requirements[2].units,major_requirements[3].units,major_requirements[4].units,major_requirements[5].units,major_requirements[6].units,major_requirements[7].units,major_requirements[8].units,major_requirements[9].units,major_requirements[10].units,major_requirements[3].sequences[0].sequence_title,major_requirements[3].sequences[1].sequence_title,major_requirements[3].sequences[2].sequence_title,major_requirements[3].sequences[3].sequence_title,major_requirements[3].sequences[4].sequence_title,major_requirements[3].sequences[5].sequence_title,major_requirements[3].sequences[6].sequence_title,major_requirements[5].sequences[0].sequence_title,major_requirements[5].sequences[1].sequence_title,major_requirements[5].sequences[2].sequence_title,major_requirements[3].sequences[0].courses[0],major_requirements[3].sequences[0].courses[1],major_requirements[3].sequences[1].courses[0],major_requirements[3].sequences[1].courses[1],major_requirements[3].sequences[2].courses[0],major_requirements[3].sequences[2].courses[1],major_requirements[3].sequences[3].courses[0],major_requirements[3].sequences[3].courses[1],major_requirements[3].sequences[4].courses[0],major_requirements[3].sequences[4].courses[1],major_requirements[3].sequences[5].courses[0],major_requirements[3].sequences[5].courses[1],major_requirements[3].sequences[6].courses[0],major_requirements[3].sequences[6].courses[1],major_requirements[5].sequences[0].courses[0],major_requirements[5].sequences[0].courses[1],major_requirements[5].sequences[1].courses[0],major_requirements[5].sequences[1].courses[1],major_requirements[5].sequences[2].courses[0],major_requirements[5].sequences[2].courses[1],collateral_requirements,general_electives,total_units,minor_requirements[0].course_code,minor_requirements[1].course_code,minor_requirements[2].course_code,minor_requirements[3].course_code,minor_requirements[0].course_title,minor_requirements[1].course_title,minor_requirements[2].course_title,minor_requirements[3].course_title,minor_requirements[0].units,minor_requirements[1].units,minor_requirements[2].units,minor_requirements[3].units,minor_requirements[3].sequences[0].sequence_title,minor_requirements[3].sequences[1].sequence_title,minor_requirements[3].sequences[2].sequence_title,minor_requirements[3].sequences[3].sequence_title,minor_requirements[3].sequences[4].sequence_title,minor_requirements[3].sequences[5].sequence_title,minor_requirements[3].sequences[0].courses[0],minor_requirements[3].sequences[0].courses[1],minor_requirements[3].sequences[1].courses[0],minor_requirements[3].sequences[1].courses[1],minor_requirements[3].sequences[2].courses[0],minor_requirements[3].sequences[2].courses[1],minor_requirements[3].sequences[3].courses[0],minor_requirements[3].sequences[3].courses[1],minor_requirements[3].sequences[4].courses[0],minor_requirements[3].sequences[4].courses[1],minor_requirements[3].sequences[5].courses[0],minor_requirements[3].sequences[5].courses[1],major_requirements[4].electives[0],major_requirements[4].electives[1],major_requirements[4].electives[2],major_requirements[4].electives[3],general_electives_units,foundation_requirements,elective_courses.number_of_courses,elective_courses.options[0],elective_courses.options[1],elective_courses.options[2],elective_courses.options[3],common_body_of_knowledge[0].course_code,common_body_of_knowledge[1].course_code,common_body_of_knowledge[2].course_code,common_body_of_knowledge[3].course_code,common_body_of_knowledge[4].course_code,common_body_of_knowledge[5].course_code,common_body_of_knowledge[6].course_code,common_body_of_knowledge[7].course_code,common_body_of_knowledge[0].course_title,common_body_of_knowledge[1].course_title,common_body_of_knowledge[2].course_title,common_body_of_knowledge[3].course_title,common_body_of_knowledge[4].course_title,common_body_of_knowledge[5].course_title,common_body_of_knowledge[6].course_title,common_body_of_knowledge[7].course_title,common_body_of_knowledge[0].units,common_body_of_knowledge[1].units,common_body_of_knowledge[2].units,common_body_of_knowledge[3].units,common_body_of_knowledge[4].units,common_body_of_knowledge[5].units,common_body_of_knowledge[6].units,common_body_of_knowledge[7].units,collateral_requirements[0].course_code,collateral_requirements[1].course_code,collateral_requirements[0].course_title,collateral_requirements[1].course_title,collateral_requirements[0].units,collateral_requirements[1].units,requirements[0].course_code,requirements[1].course_code,requirements[2].course_code,requirements[3].course_code,requirements[4].course_code,requirements[5].course_code,requirements[6].course_code,requirements[7].course_code,requirements[8].course_code,requirements[9].course_code,requirements[10].course_code,requirements[11].course_code,requirements[12].course_code,requirements[13].course_code,requirements[14].course_code,requirements[15].course_code,requirements[16].course_code,requirements[17].course_code,requirements[18].course_code,requirements[19].course_code,requirements[20].course_code,requirements[0].course_title,requirements[1].course_title,requirements[2].course_title,requirements[3].course_title,requirements[4].course_title,requirements[5].course_title,requirements[6].course_title,requirements[7].course_title,requirements[8].course_title,requirements[9].course_title,requirements[10].course_title,requirements[11].course_title,requirements[12].course_title,requirements[13].course_title,requirements[14].course_title,requirements[15].course_title,requirements[16].course_title,requirements[17].course_title,requirements[18].course_title,requirements[19].course_title,requirements[20].course_title,notes[0],notes[1],notes[2],notes[3],notes[4],program_name,requirements[1].courses[0].course_code,requirements[1].courses[1].course_code,requirements[0].courses[0].course_code,requirements[0].courses[1].course_code,requirements[0].courses[2].course_code,requirements[0].courses[3].course_code,requirements[0].courses[4].course_code,requirements[2].courses[0].course_code,requirements[2].courses[1].course_code,requirements[1].courses[2].course_code,requirements[1].courses[3].course_code,requirements[1].courses[4].course_code,requirements[1].courses[5].course_code,requirements[1].courses[6].course_code,requirements[1].courses[7].course_code,requirements[1].courses[8].course_code,requirements[1].courses[9].course_code,requirements[1].courses[10].course_code,requirements[1].courses[11].course_code,requirements[1].courses[12].course_code,requirements[1].courses[13].course_code,requirements[1].courses[14].course_code,requirements[1].courses[15].course_code,requirements[1].courses[16].course_code,requirements[1].courses[17].course_code,requirements[1].courses[18].course_code,requirements[1].courses[19].course_code,requirements[1].courses[20].course_code,requirements[1].courses[21].course_code,requirements[1].courses[22].course_code,requirements[1].courses[23].course_code,requirements[1].courses[0].course_title,requirements[1].courses[1].course_title,requirements[0].courses[0].course_title,requirements[0].courses[1].course_title,requirements[0].courses[2].course_title,requirements[0].courses[3].course_title,requirements[0].courses[4].course_title,requirements[2].courses[0].course_title,requirements[2].courses[1].course_title,requirements[1].courses[2].course_title,requirements[1].courses[3].course_title,requirements[1].courses[4].course_title,requirements[1].courses[5].course_title,requirements[1].courses[6].course_title,requirements[1].courses[7].course_title,requirements[1].courses[8].course_title,requirements[1].courses[9].course_title,requirements[1].courses[10].course_title,requirements[1].courses[11].course_title,requirements[1].courses[12].course_title,requirements[1].courses[13].course_title,requirements[1].courses[14].course_title,requirements[1].courses[15].course_title,requirements[1].courses[16].course_title,requirements[1].courses[17].course_title,requirements[1].courses[18].course_title,requirements[1].courses[19].course_title,requirements[1].courses[20].course_title,requirements[1].courses[21].course_title,requirements[1].courses[22].course_title,requirements[1].courses[23].course_title,requirements[1].courses[0].units,requirements[1].courses[1].units,requirements[0].courses[0].units,requirements[0].courses[1].units,requirements[0].courses[2].units,requirements[0].courses[3].units,requirements[0].courses[4].units,requirements[2].courses[0].units,requirements[2].courses[1].units,requirements[1].courses[2].units,requirements[1].courses[3].units,requirements[1].courses[4].units,requirements[1].courses[5].units,requirements[1].courses[6].units,requirements[1].courses[7].units,requirements[1].courses[8].units,requirements[1].courses[9].units,requirements[1].courses[10].units,requirements[1].courses[11].units,requirements[1].courses[12].units,requirements[1].courses[13].units,requirements[1].courses[14].units,requirements[1].courses[15].units,requirements[1].courses[16].units,requirements[1].courses[17].units,requirements[1].courses[18].units,requirements[1].courses[19].units,requirements[1].courses[20].units,requirements[1].courses[21].units,requirements[1].courses[22].units,requirements[1].courses[23].units,requirements[1].notes[0],requirements[1].notes[1],requirements[1].notes[2],requirements[1].notes[3],requirements[1].notes[4],requirements[1].notes[5],requirements[1].notes[6],requirements[1].notes[7],requirements[1].notes[8],requirements[0].notes[0],requirements[0].notes[1],requirements[0].notes[2],requirements[0].notes[3]
651193c4bc8b756a1435d494,80012523,Chemistry,General Education Requirements,Major Requirements,Collateral Requirements,General Electives,,,The student must complete the General Education Requirements of the College of Arts & Sciences.,CHEM 141P & CHEM 142P - General Chemistry I and General Chemistry II,CHEM 201 - Organic Chemistry I,CHEM 202 - Inorganic Chemistry,CHEM 203 - Physical Chemistry,CHEM 204 - Biochemistry I,CHEM 205 - Analytical Chemistry,CHEM 301 - Organic Chemistry II,CHEM 498 & CHEM 499 - Research Proposal and Senior Project,Select two units from the following in-depth courses:,CHEM 302 - Biological Inorganic Chemistry,CHEM 303 - Advanced Physical Chemistry,CHEM 304 - Biochemistry II,CHEM 305 - Instrumental Analysis: Forensic Chemistry,CHEM 306 - Spectra and Structure,"CHEM 307 - Nucleic Acid Structure, Function, and Metabolism",CHEM 308 - Advanced Organic Chemistry,CHEM 309 - Advanced Environmental Chemistry,MATH 141Q & MATH 142Q - Calculus I with Analytic Geometry and Calculus II with Analytic Geometry,Select one of the following sequences:,PHYS 121P & PHYS 122P - College Physics I and College Physics II,PHYS 141P & PHYS 142P - University Physics I and University Physics II,,,,,,,,,,,,,,,,,,,,,,,,,,,,,,,,,,,,,,,,,,,,,,,,,,,,,,,,,,,,,,,,,,,,,,,,,,,,,,,,,,,7,,,,,,,,,,,,,,,,,,,,,,,,,,,,,,,,,,,,,,,,,,,,,,,,,,,,,,,,,,,,,,,,,,,,,,,,,,,,,,,,,,,,,,,,,,,,,,,,,,,,,,,,,,,,,,,,,,,,,,,,,,,,,,,,,,,,,,,,,,,,,,,,,,,,,,,,,,,,,,,,,,,,,,,,,,,,,,,,,,,,,,,,,,,,,,,,,,,,,,,,,,,,,,,,,,,,,,,,,,,,,,,,,,,,,,,,,,,,,,,,,,,,,,,,,,,,,,,,,,,,,,,,,,,,,,,,,,,,,,,,,,,,,,,,,,,,,,,,,,,,,,,,,,,,,,,,,,,,,,,,,,,,,,,,,,,,,,,,,,,,,,,,,,,,,,,,,,,,,,,,,,,,,,,,,,,,,,,,,,,,,,,,,,,,,,,,,,,,,,,,,,,,,,,,,,,,,,,,,,,,,,,,,,,,,,,,,,,,,,,,,,,,,,,,,,,,,,,,,,,,,,,,,,,,,,,,,,,,,,,,,,,,,,,,,,,,,,,,,
651194e2bc8b756a1435d498,,Cybersecurity,General Education Requirements,Major Requirements,Collateral Requirements,General Electives,,,The student must complete the General Education Requirements in the College of Arts & Sciences,CSCI 141 - Introduction to Computer Science I,CSCI 142 - Introduction to Computer Science II,CSCI 221 - Software Development I,CSCI 301 - Operating Systems,CSCI 304 - Computer Networks,CINF 201 - Database Systems,CINF 301 - Web Application Development,CSEC 141 - Introduction to Cybersecurity,CSEC 302 - Secure Coding,CSEC 331 - Computer and Network Security,CSEC 498 - Senior Proposal,CSEC 499 - Senior Project,"Two 300- or 400-level CSCI, CINF, CSEC units (excluding junior seminars)",,,,,Select one unit from the following:,MATH 125Q - Introduction to Mathematical and Statistical Modeling,MATH 131Q - Calculus I with Review Part 2,MATH 141Q - Calculus I with Analytic Geometry,,,,,,,,,,,,,,,,,,,,,,,,,,,,,,,,,,,,,,,,,,,,,,,,,,,,,,,,,,,,,,,,,,,,,,,,,,,,,,,,,,,8,,,,,,,,,,,,,,,,,,,,,8007564,,,,,,,,,,,,,,,,,,,,,,,,,,,,,,,,,,,,,,,,,,,,,,,,,,,,,,,,,,,,,,,,,,,,,,,,,,,,,,,,,,,,,,,,,,,,,,,,,,,,,,,,,,,,,,,,,,,,,,,,,,,,,,,,,,,,,,,,,,,,,,,,,,,,,,,,,,,,,,,,,,,,,,,,,,,,,,,,,,,,,,,,,,,,,,,,,,,,,,,,,,,,,,,,,,,,,,,,,,,,,,,,,,,,,,,,,,,,,,,,,,,,,,,,,,,,,,,,,,,,,,,,,,,,,,,,,,,,,,,,,,,,,,,,,,,,,,,,,,,,,,,,,,,,,,,,,,,,,,,,,,,,,,,,,,,,,,,,,,,,,,,,,,,,,,,,,,,,,,,,,,,,,,,,,,,,,,,,,,,,,,,,,,,,,,,,,,,,,,,,,,,,,,,,,,,,,,,,,,,,,,,,,,,,,,,,,,,,,,,,,,,,,,,,,,,,,,,,,,,,,,,,,,,,,,,,,,,,
651196d7bc8b756a1435d49d,,Accounting,School of Business School General Education Requirements,School of Business Foundation Requirements,Accounting Core (3 units),General Electives,,,,ACCT 202 - Fundamentals of Accounting II,ACCT 300 - Accounting Colloquium (0.0 units),ACCT 303 - Financial Accounting I,ACCT 304 - Financial Accounting II,,,,,,,,,,,,,,Select one of the following concentrations:,- Accounting (5 units):,  - ACCT 310 - Accounting Information Systems,  - ACCT 410 - Accounting Information Systems,  - ACCT 421 - Managerial Cost Accounting,  - ACCT 440 - Data Analytics for Accounting,  - Select one of the following:,"  - Select two of the following, one of which must be an ACCT course",- CPA (5 units):,  - ACCT 311 - Overview of Federal Taxation,  - ACCT 406 - Auditing I,  - ACCT 410 - Accounting Information Systems,  - ACCT 421 - Managerial Cost Accounting,  - ACCT 440 - Data Analytics for Accounting,  - Select one of the following:,"  - Select two of the following, one of which must be an ACCT course",- Data Analytics (6 units):,  - ACCT 410 - Accounting Information Systems,  - ACCT 440 - Data Analytics for Accounting,  - BSAN 300 - Programming for Analytics,  - BSAN 465 - Predictive Analytics,"  - Select two of the following, one of which must be an ACCT course",- Financial Planning (6 units):,  - ACCT 310 - Accounting Information Systems,  - ACCT 421 - Managerial Cost Accounting,  - FINA 318 - Fundamentals of Financial Planning,  - Select two of the following:,,,,,,,,,,,,,,,,,,,,,,,,,,,,,,,,,,,,,,,,,,,,,,,,,,,,,,,,,,,,7,9,,,,,,,,,,,,,,,,,,,,800543,,,,,,,,,,,,,,,,,,,,,,,,,,,,,,,,,,,,,,,,,,,,,,,,,,,,,,,,,,,,,,,,,,,,,,,,,,,,,,,,,,,,,,,,,,,,,,,,,,,,,,,,,,,,,,,,,,,,,,,,,,,,,,,,,,,,,,,,,,,,,,,,,,,,,,,,,,,,,,,,,,,,,,,,,,,,,,,,,,,,,,,,,,,,,,,,,,,,,,,,,,,,,,,,,,,,,,,,,,,,,,,,,,,,,,,,,,,,,,,,,,,,,,,,,,,,,,,,,,,,,,,,,,,,,,,,,,,,,,,,,,,,,,,,,,,,,,,,,,,,,,,,,,,,,,,,,,,,,,,,,,,,,,,,,,,,,,,,,,,,,,,,,,,,,,,,,,,,,,,,,,,,,,,,,,,,,,,,,,,,,,,,,,,,,,,,,,,,,,,,,,,,,,,,,,,,,,,,,,,,,,,,,,,,,,,,,,,,,,,,,,,,,,,,,,,,,,,,,,,,,,,,,,,,,,,,,,,,
65119b42bc8b756a1435d4e0,,Computer Science,Major Requirements,Collateral Requirements,General Electives,General Education Requirements,,,CSCI 141 - Introduction to Computer Science I,MATH 142Q - Calculus II with Analytic Geometry,Select two Natural Science classes excluding Math/Computer Science,"BIOL 141P - Introductory Biology: Biochemistry, Cell Biology and Molecular Genetics",or BIOL 142P - Introductory Biology: Animal and Plant Physiology,PHYS 141P - University Physics I,or PHYS 142P - University Physics II,CHEM 141P - General Chemistry I,or CHEM 142P - General Chemistry II,ENSS 140P - Introduction to Environmental Science and Studies,or ENSS 141P - Environmental Science: Methods and Practice,,,,,,,,,,,,,,,,,,,,,,,,,,,,,,,,,,,CSCI 142 - Introduction to Computer Science II,CSCI 201 - Introduction to Computer Organization,CSCI 211 - Discrete Structures,CSCI 221 - Software Development I,CSCI 321 - Software Development II,CSCI 301 - Operating Systems,CSCI 311 - Algorithm Analysis,CSCI 498 - Senior Research I,CSCI 499 - Senior Research II,ENGL 100,FSEM 100,JSEM,"MUSC, MUSA or MUSE",Culture and Belief (any B course),Historical Inquiry (any H course),"Individuals, Societies, and Social Systems (any S course)",Modern Languages (any L course),Physical and Natural World (any P course),Stetson Values (V),,,,,,,,,,,,,,,,,,,,,,,,,,,,,,,,,,,,,,,,,,,8,,,,,,,,,,,,,,,,,,,800265,,,,,,,,,,,,,,,,,,,,,,,,,,,,,,,,,,,,,,,,,,,,,,,,,,,,,,,,,,,,,,,,,,,,,,,,,,,,,,,,,,,,,,,,,,,,,,,,,,,,,,,,,,,,,,,,,,,,,,,,,,,,,,,,,,,,,,,,,,,,,,,,,,,,,,,,,,,,,,,,,,,,,,,,,,,,,,,,,,,,,,,,,,,,,,,,,,,,,,,,,,,,,,,,,,,,,,,,,,,,,,,,,,,,,,,,,,,,,,,,,,,,,,,,,,,,,,,,,,,,,,,,,,,,,,,,,,,,,,,,,,,,,,,,,,,,,,,,,,,,,,,,,,,,,,,,,,,,,,,,,,,,,,,,,,,,,,,,,,,,,,,,,,,,,,,,,,,,,,,,,,,,,,,,,,,,,,,,,,,,,,,,,,,,,,,,,,,,,,,,,,,,,,,,,,,,,,,,,,,,,,,,,,,,,,,,,,,,,,,,,,,,,,,,,,,,,,,,,,,,,,,,,,,,,,,,,,,,
651433487e6d9506bbf8ffb7,,,Minor Requirements,Minor Electives,Select two course units from courses with an Africana Studies perspective,Other Electives,,,AFST 100S - Introduction to Africana Studies (1 credit),AFST 101H - Black Experience I: Ancient Africa to U.S. Antebellum,AFST 102H - Black Experience II: U.S. Reconstruction to Present,AFST 235A - Introduction to African American Film,AFST 240A - Introduction to Africana Literature,AFST 290 - Special Topics in Africana Studies,AFST 335 - Advanced Studies in African American Film,AFST 343V - Soul Food African Diaspora (Junior Seminar),AFST 350A - Advanced Studies in Africana Literature,AFST 390 - Special Topics in Africana Studies,AMST 301B - American Cultural Traditions (Can be used as an H course),AMST 330 - The Multicultural United States,"AMST 354B - Southern History and Culture in the United States, 1800-Present",AMST 256B - The 1950's and 1960's,ENGL 246A - Popular Literature 1,ENGL 335 - Film Studies 1,ENGL 343V1 - Soul Food Across the Color Lines (Junior Seminar),ENGL 356 - U.S. Literature since 1900 1,AFST 101H - Black Experience I: Ancient Africa to U.S. Antebellum,AFST 102H - Black Experience II: U.S. Reconstruction to Present,AFST 235A - Introduction to African American Film,AFST 240A - Introduction to Africana Literature,AFST 290 - Special Topics in Africana Studies,AFST 335 - Advanced Studies in African American Film,AFST 343V - Soul Food African Diaspora (Junior Seminar),AFST 350A - Advanced Studies in Africana Literature,AFST 390 - Special Topics in Africana Studies,ANTH 201P - Our Human Origins: Introduction to Physical Anthropology,"COMM 314B - Rhetoric, Culture, and Identity 1",ECON 141V - Poverty and Microcredit,ECON 307H - Sub-Saharan African Economic History of Colonialism and its Aftermath,EDUC 305V - Cultural Diversity Education,"GEND 100V - Studies in Gender, Race, Class, and Sexuality in the US",HIST 303H - Islamic Civilization to the Crusades,HIST 306 - The Modern Middle East,HIST 307B - Contemporary Islamic Civilization,MUSC 197A - History of Popular Music 1,POLI 145S - Politics of the Developing World,,,,,,,,,,,,,,,,,,,,,,,,,,,ENGL 357 - Contemporary Literature 1,ENGL 365 - Author Studies 1,ENGL 370 - Ethnic American Literature 1,ENGL 371 - Africana Literature,ENGL 372 - Gender in Literature 1,ENGL 374 - Popular Culture 1,ENGL 470 - Ethnic Literature Seminar 1,HIST 152H - American History II,"HIST 250V - Immigration, Race and Ethnicity in American History: 1600 to Present",HIST 251H - African American History,"HIST 252H - Gender in American History, 1800 to Present",HIST 353H - The American Civil War,"HIST 354B - Southern History and Culture in the United States, 1800-Present","HIST 359H - The Birth of Modern America, 1890-1940",HIST 360V - War and Peace in American History,HIST 362H - American Women's History,MUSC 196A - Jazz and 20th Century American Music,,,,,,,,,,,,,,,,,,,,,,,,5,,,,,,,,,,,,,,,,,,,,,80098765,Africana Studies Minor,,,,,,,,,,,,,,,,,,,,,,,,,,,,,,,,,,,,,,,,,,,,,,,,,,,,,,,,,,,,,,,,,,,,,,,,,,,,,,,,,,,,,,,,,,,,,,,,,,,,,,,,,,,,,,,,,,,,,,,,,,,,,,,,,,,,,,,,,,,,,,,,,,,,,,,,,,,,,,,,,,,,,,,,,,,,,,,,,,,,,,,,,,,,,,,,,,,,,,,,,,,,,,,,,,,,,,,,,,,,,,,,,,,,,,,,,,,,,,,,,,,,,,,,,,,,,,,,,,,,,,,,,,,,,,,,,,,,,,,,,,,,,,,,,,,,,,,,,,,,,,,,,,,,,,,,,,,,,,,,,,,,,,,,,,,,,,,,,,,,,,,,,,,,,,,,,,,,,,,,,,,,,,,,,,,,,,,,,,,,,,,,,,,,,,,,,,,,,,,,,,,,,,,,,,,,,,,,,,,,,,,,,,,,,,,,,,,,,,,,,,,,,,,,,,,,,,,,,,,,,,,,,,,,,,,,,,,
651434d97e6d9506bbf8ffb9,,American Studies Major,General Education Requirements,Major Requirements,Total Units,,,,The student must complete the General Education Requirements of the College of Arts & Sciences (9 units),"Orientation to American Studies, select two units from the following:",AFST 101H - Black Experience I: Ancient Africa to U.S. Antebellum,AFST 102H - Black Experience II: U.S. Reconstruction to Present,AFST 240A - Introduction to Africana Literature,ARTH 210A - American Art,HIST 151H - American History I,HIST 152H - American History II,"HIST 250V - Immigration, Race and Ethnicity in American History: 1600 to Present",HIST 251H - African American History,"HIST 252H - Gender in American History, 1800 to Present",ENGL 258H - Survey of US Literature,POLI 101S - American National Government,POLI 210H - American Political Development,RELS 302V - The American Christian Experience,RELS 282B - The American Jewish Experience,MUSC 196A - Jazz and 20th Century American Music,MUSC 197A - History of Popular Music,,,,,,,,,,,,,,,,,,,,,,,,,,,,,,,,,,,,,,,,,,,,,,,One AMST unit at the 100 or 200 level: AMST 301B - American Cultural Traditions (Can be used as an H course),AMST 499 - Senior Project,Two units of AMST-prefix or AMST-attribution courses; see Interdisciplinary Areas in Class Search (2 units),Focus Area of four units related to a common theme chosen by the student from at least two academic areas (4 units),General Electives (12 units),,,,,,,,,,,,,,,,,,,,,,,,,,,,,,,,,,,,,,32,,,,,,,,,,,,,,,,,,,80012345,,,,,,,,,,,,,,,,,,,,,,,,,,,,,,,,,,,,,,,,,,,,,,,,,,,,,,,,,,,,,,,,,,,,,,,,,,,,,,,,,,,,,,,,,,,,,,,,,,,,,,,,,,,,,,,,,,,,,,,,,,,,,,,,,,,,,,,,,,,,,,,,,,,,,,,,,,,,,,,,,,,,,,,,,,,,,,,,,,,,,,,,,,,,,,,,,,,,,,,,,,,,,,,,,,,,,,,,,,,,,,,,,,,,,,,,,,,,,,,,,,,,,,,,,,,,,,,,,,,,,,,,,,,,,,,,,,,,,,,,,,,,,,,,,,,,,,,,,,,,,,,,,,,,,,,,,,,,,,,,,,,,,,,,,,,,,,,,,,,,,,,,,,,,,,,,,,,,,,,,,,,,,,,,,,,,,,,,,,,,,,,,,,,,,,,,,,,,,,,,,,,,,,,,,,,,,,,,,,,,,,,,,,,,,,,,,,,,,,,,,,,,,,,,,,,,,,,,,,,,,,,,,,,,,,,,,,,,
651435ef7e6d9506bbf8ffbb,,,Course List,Total Units,,,,,One AMST unit at the 100 or 200 level (1 unit),,,,,,,,,,,,,,,,,,,,,,,,,,,,,,,,,,,,,,,,,,,,,AMST 301B - American Cultural Traditions (Can be used as an H course) (1 unit),One other unit with AMST-prefix or AMST-Attribution; see Interdisciplinary Areas in Class Search (1 unit),Minor Focus Area of two units related to a common theme chosen by the student from at least two academic areas (2 units),,,,,,,,,,,,,,,,,,,,,,,,,,,,,,,,,,,,,,,,,,,,,,,,,,,,,,,,,,,,5,,,,,,,,,,,,,,,,,,80054321,American Studies Minor,,,,,,,,,,,,,,,,,,,,,,,,,,,,,,,,,,,,,,,,,,,,,,,,,,,,,,,,,,,,,,,,,,,,,,,,,,,,,,,,,,,,,,,,,,,,,,,,,,,,,,,,,,,,,,,,,,,,,,,,,,,,,,,,,,,,,,,,,,,,,,,,,,,,,,,,,,,,,,,,,,,,,,,,,,,,,,,,,,,,,,,,,,,,,,,,,,,,,,,,,,,,,,,,,,,,,,,,,,,,,,,,,,,,,,,,,,,,,,,,,,,,,,,,,,,,,,,,,,,,,,,,,,,,,,,,,,,,,,,,,,,,,,,,,,,,,,,,,,,,,,,,,,,,,,,,,,,,,,,,,,,,,,,,,,,,,,,,,,,,,,,,,,,,,,,,,,,,,,,,,,,,,,,,,,,,,,,,,,,,,,,,,,,,,,,,,,,,,,,,,,,,,,,,,,,,,,,,,,,,,,,,,,,,,,,,,,,,,,,,,,,,,,,,,,,,,,,,,,,,,,,,,,,,,,,,,,,
6514365c7e6d9506bbf8ffbd,,Mathematics - Actuarial and Financial Mathematics Concentration,Course List,Total Units,,,,,General Education Requirements (9 units),,,,,,,,,,,,,,,,,,,,,,,,,,,,,,,,,,,,,,,,,,,,,MATH 142Q - Calculus II with Analytic Geometry (1 unit),MATH 211Q - Linear Algebra (1 unit),MATH 221Q - Introduction to Logic and Proof (1 unit),MATH 243Q - Calculus III with Analytic Geometry (1 unit),MATH 321 - Ordinary Differential Equations (1 unit),MATH 371 - Probability: An Introduction to the Study of Randomness (1 unit),MATH 372 - Mathematical Statistics (1 unit),SOBA 201 - Fundamentals of Financial Analysis (1 unit),FINA 320 - Investments (1 unit),,,,,,,,,,,,,,,,,,,,,,,,,,,,FINA 415 - Financial Risk Management (1 unit),MATH 498 - Senior Project I (1 unit),MATH 499 - Senior Project II (1 unit),Collateral Requirements:,ACCT 201 - Fundamentals of Accounting (1 unit),ECON 103S - Essentials of Economics I (1 unit),CSCI 141 - Introduction to Computer Science I (1 unit) or CSCI 261 - Data Science I,General Electives (8 units),,,,,,,,,,,,,,,,,,,32,,,,,,,,,,,,,,,,,,80065432,,,,,,,,,,,,,,,,,,,,,,,,,,,,,,,,,,,,,,,,,,,,,,,,,,,,,,,,,,,,,,,,,,,,,,,,,,,,,,,,,,,,,,,,,,,,,,,,,,,,,,,,,,,,,,,,,,,,,,,,,,,,,,,,,,,,,,,,,,,,,,,,,,,,,,,,,,,,,,,,,,,,,,,,,,,,,,,,,,,,,,,,,,,,,,,,,,,,,,,,,,,,,,,,,,,,,,,,,,,,,,,,,,,,,,,,,,,,,,,,,,,,,,,,,,,,,,,,,,,,,,,,,,,,,,,,,,,,,,,,,,,,,,,,,,,,,,,,,,,,,,,,,,,,,,,,,,,,,,,,,,,,,,,,,,,,,,,,,,,,,,,,,,,,,,,,,,,,,,,,,,,,,,,,,,,,,,,,,,,,,,,,,,,,,,,,,,,,,,,,,,,,,,,,,,,,,,,,,,,,,,,,,,,,,,,,,,,,,,,,,,,,,,,,,,,,,,,,,,,,,,,,,,,,,,,,,,,,
651436fd7e6d9506bbf8ffbf,,Aquatic and Marine Biology,Course List,Recommended Courses,General Electives (9 units),Total Units,Note,,General Education Requirements (9 units),CHEM 201 - Organic Chemistry I,CHEM 301 - Organic Chemistry II,,,,,,,,,,,,,,,,,,,,,,,,,,,,,,,,,,,,,,,,,,,BIOL 100 - Current Perspectives Biology (0 units),"BIOL 141P & BIOL 142P - Introductory Biology: Biochemistry, Cell Biology and Molecular Genetics and Introductory Biology: Animal and Plant Physiology (2 units)",BIOL 243Q - Biostatistics (1 unit),BIOL 244 - Introductory Biology III: Ecology and Evolution (1 unit),Select three units from the following (3 units):,BIOL 306 - Invertebrate Zoology,BIOL 312 - Marine Vertebrate Biology,BIOL 313 - Oceanography,BIOL 317 - Marine Ecology,,,,,,,,,,,,,,,,,,,,,,,,,,,,BIOL 333 - Limnology,BIOL 397 - Internship in Biology (0.5 to 1 units) or BIOL 398 - Internship in Aquatic/Marine Biology,BIOL 497 - Research Proposal (0.5 units),BIOL 498 - Senior Project I (1 unit),BIOL 499 - Senior Project II (1 unit),One additional BIOL unit at the 300- or 400-level (not to include any independent study or Junior Seminar) (1 unit),Collateral Requirements (2 units):,CHEM 141P & CHEM 142P - General Chemistry I and General Chemistry II,MATH 131Q - Calculus I with Review Part 2 or MATH 141Q - Calculus I with Analytic Geometry or MATH 151 - Mathematics for Life Sciences,,,,,,,,,,,,,,,32-32.5,,,,,,,,,,,,,,,,,,,,,80076543,,"Many students will choose to take two math courses (e.g., MATH 130 and MATH 131Q)",,,,,,,,,,,,,,,,,,,,,,,,,,,,,,,,,,,,,,,,,,,,,,,,,,,,,,,,,,,,,,,,,,,,,,,,,,,,,,,,,,,,,,,,,,,,,,,,,,,,,,,,,,,,,,,,,,,,,,,,,,,,,,,,,,,,,,,,,,,,,,,,,,,,,,,,,,,,,,,,,,,,,,,,,,,,,,,,,,,,,,,,,,,,,,,,,,,,,,,,,,,,,,,,,,,,,,,,,,,,,,,,,,,,,,,,,,,,,,,,,,,,,,,,,,,,,,,,,,,,,,,,,,,,,,,,,,,,,,,,,,,,,,,,,,,,,,,,,,,,,,,,,,,,,,,,,,,,,,,,,,,,,,,,,,,,,,,,,,,,,,,,,,,,,,,,,,,,,,,,,,,,,,,,,,,,,,,,,,,,,,,,,,,,,,,,,,,,,,,,,,,,,,,,,,,,,,,,,,,,,,,,,,,,,,,,,,,,,,,,,,,,,,,,,,,,,,,,,,,,,,,,,,,,,,,,,,
651437957e6d9506bbf8ffc1,,Biochemistry,Course List,,,,,,General Education Requirements (9 units),,,,,,,,,,,,,,,,,,,,,,,,,,,,,,,,,,,,,,,,,,,,,CHEM 141P & CHEM 142P - General Chemistry I and General Chemistry II (2 units),CHEM 201 - Organic Chemistry I (1 unit),CHEM 202 - Inorganic Chemistry (1 unit),CHEM 203 - Physical Chemistry (1 unit),CHEM 204 - Biochemistry I (1 unit),CHEM 205 - Analytical Chemistry (1 unit),CHEM 301 & CHEM 304 - Organic Chemistry II and Biochemistry II (2 units),CHEM 498 & CHEM 499 - Research Proposal and Senior Project (2 units),Select one unit from the following in-depth courses (1 unit):,,,,,,,,,,,,,,,,,,,,,,,,,,,,CHEM 302 - Biological Inorganic Chemistry,CHEM 303 - Advanced Physical Chemistry,CHEM 305 - Instrumental Analysis: Forensic Chemistry,CHEM 306 - Spectra and Structure,"CHEM 307 - Nucleic Acid Structure, Function, and Metabolism",CHEM 308 - Advanced Organic Chemistry,CHEM 309 - Advanced Environmental Chemistry,Collateral Requirements (8 units),MATH 141Q & MATH 142Q - Calculus I with Analytic Geometry and Calculus II with Analytic Geometry,"BIOL 141P & BIOL 142P - Introductory Biology: Biochemistry, Cell Biology and Molecular Genetics and Introductory Biology: Animal and Plant Physiology",Select one of the following sequences (4 units):,PHYS 121P & PHYS 122P - College Physics I and College Physics II (Can be used as a Q course),or,PHYS 141P & PHYS 142P - University Physics I and University Physics II,Select two units from the following (2 units):,BIOL 300 - Molecular Biology and Biotechnology,BIOL 301 - Microbiology,BIOL 302 - Genetics,BIOL 315 - Endocrinology,BIOL 409 - Neurobiology,BIOL 425 - Cell Biology,General Electives (3 units),Total Units (32 units),,,,,,,,,,,,,,,,,,,,,,80098765,,,,,,,,,,,,,,,,,,,,,,,,,,,,,,,,,,,,,,,,,,,,,,,,,,,,,,,,,,,,,,,,,,,,,,,,,,,,,,,,,,,,,,,,,,,,,,,,,,,,,,,,,,,,,,,,,,,,,,,,,,,,,,,,,,,,,,,,,,,,,,,,,,,,,,,,,,,,,,,,,,,,,,,,,,,,,,,,,,,,,,,,,,,,,,,,,,,,,,,,,,,,,,,,,,,,,,,,,,,,,,,,,,,,,,,,,,,,,,,,,,,,,,,,,,,,,,,,,,,,,,,,,,,,,,,,,,,,,,,,,,,,,,,,,,,,,,,,,,,,,,,,,,,,,,,,,,,,,,,,,,,,,,,,,,,,,,,,,,,,,,,,,,,,,,,,,,,,,,,,,,,,,,,,,,,,,,,,,,,,,,,,,,,,,,,,,,,,,,,,,,,,,,,,,,,,,,,,,,,,,,,,,,,,,,,,,,,,,,,,,,,,,,,,,,,,,,,,,,,,,,,,,,,,,,,,,,,,
651438ca7e6d9506bbf8ffc3,,,Department Requirements,Collateral Requirements,Total Units,,,,CHEM 141P & CHEM 142P - General Chemistry I and General Chemistry II (2 units),Select one unit from the following (1 to 2 units):,MATH 141Q - Calculus I with Analytic Geometry,MATH 130 & MATH 131Q - Calculus I with Review Part I and Calculus I with Review Part 2,,,,,,,,,,,,,,,,,,,,,,,,,,,,,,,,,,,,,,,,,,CHEM 201 & CHEM 301 - Organic Chemistry I and Organic Chemistry II (2 units),CHEM 204 - Biochemistry I (1 unit),At least one additional chemistry unit selected from the following (1 unit):,CHEM 202 - Inorganic Chemistry,CHEM 203 - Physical Chemistry,CHEM 205 - Analytical Chemistry,CHEM 302 - Biological Inorganic Chemistry,CHEM 303 - Advanced Physical Chemistry,CHEM 304 - Biochemistry II,,,,,,,,,,,,,,,,,,,,,,,,,,,,CHEM 305 - Instrumental Analysis: Forensic Chemistry,CHEM 306 - Spectra and Structure,"CHEM 307 - Nucleic Acid Structure, Function, and Metabolism",CHEM 308 - Advanced Organic Chemistry,,,,,,,,,,,,,,,,,,,,,,7-8,,,,,,,,,,,,,,,,,,,80012345,Chemistry,,,,,,,,,,,,,,,,,,,,,,,,,,,,,,,,,,,,,,,,,,,,,,,,,,,,,,,,,,,,,,,,,,,,,,,,,,,,,,,,,,,,,,,,,,,,,,,,,,,,,,,,,,,,,,,,,,,,,,,,,,,,,,,,,,,,,,,,,,,,,,,,,,,,,,,,,,,,,,,,,,,,,,,,,,,,,,,,,,,,,,,,,,,,,,,,,,,,,,,,,,,,,,,,,,,,,,,,,,,,,,,,,,,,,,,,,,,,,,,,,,,,,,,,,,,,,,,,,,,,,,,,,,,,,,,,,,,,,,,,,,,,,,,,,,,,,,,,,,,,,,,,,,,,,,,,,,,,,,,,,,,,,,,,,,,,,,,,,,,,,,,,,,,,,,,,,,,,,,,,,,,,,,,,,,,,,,,,,,,,,,,,,,,,,,,,,,,,,,,,,,,,,,,,,,,,,,,,,,,,,,,,,,,,,,,,,,,,,,,,,,,,,,,,,,,,,,,,,,,,,,,,,,,,,,,,,,,
651439977e6d9506bbf8ffc5,,Business Administration,General Education Requirements,School of Business Foundation Requirements,Common Body of Knowledge,Required Courses,General Electives,Total Units,,,,,,,,,,,,,,,,,,,SOBA 200 - Professional Communications (1 unit),ACCT 201 - Fundamentals of Accounting (1 unit),SOBA 201 - Fundamentals of Financial Analysis (1 unit),SOBA 202 - Fundamentals of Organizations and Markets (1 unit),SOBA 203 - Fundamentals of Marketing and Technology (1 unit),INTL 201 - International Business and Culture (or equivalent) 1 (1 unit),STAT 301Q - Business Statistics (1 unit),MGMT 495 - Strategic Management (1 unit),,,,,,,,,,,,,,,,,,,,,,,,,,,,,"Six units of upper-division Business Administration or Economics courses. All courses must be at the 300- or 400-level (unless a 200-level course is required for a current School of Business Minor, with a maximum of one 200-level course) with at least two units at the 400-level. Within the six units, three units must be in one discipline. The remaining units must consist of courses from at least two different disciplines in the School of Business.",,,,,,,,,,,,,,,,,,,,,,,,,,,,,,,,,,,,,,,,,,,,,,,,,,6,9,,8,9,32,,,,,,,,,,,,,,,,80054221,,,8,The International Business and Culture requirement may be satisfied with INTL 201 or any other approved internationally-focused business course. 1 In or outside the School of Business.,No more than one unit may be an internship or international travel experience course. No more than one unit may be an independent study.,,,,,,,,,,,,,,,,,,,,,,,,,,,,,,,,,,,,,,,,,,,,,,,,,,,,,,,,,,,,,,,,,,,,,,,,,,,,,,,,,,,,,,,,,,,,,,,,,,,,,,,,,,,,,,,,,,,,,,,,,,,,,,,,,,,,,,,,,,,,,,,,,,,,,,,,,,,,,,,,,,,,,,,,,,,,,,,,,,,,,,,,,,,,,,,,,,,,,,,,,,,,,,,,,,,,,,,,,,,,,,,,,,,,,,,,,,,,,,,,,,,,,,,,,,,,,,,,,,,,,,,,,,,,,,,,,,,,,,,,,,,,,,,,,,,,,,,,,,,,,,,,,,,,,,,,,,,,,,,,,,,,,,,,,,,,,,,,,,,,,,,,,,,,,,,,,,,,,,,,,,,,,,,,,,,,,,,,,,,,,,,,,,,,,,,,,,,,,,,,,,,,,,,,,,,,,,,,,,,,,,,,,,,,,,,,,,,,,,,,,,,,,,,,,,,,,,,,,,,,,,,,,,,,,,,
651439ee7e6d9506bbf8ffc7,,,Required Courses,Total Units,,,,,ACCT 201 - Fundamentals of Accounting (1 unit),,,,,,,,,,,,,,,,,,,,,,,,,,,,,,,,,,,,,,,,,,,,,SOBA 201 - Fundamentals of Financial Analysis (1 unit),SOBA 202 - Fundamentals of Organizations and Markets (1 unit),SOBA 203 - Fundamentals of Marketing and Technology (1 unit),,,,,,,,,,,,,,,,,,,,,,,,,,,,,,,,,,,,,,,,,,,,,,,,,,,,,,,,,,4,,4,,,,,,,,,,,,,,,,,,80098765,Business Administration,,,,,Available to undergraduates in the College of Arts and Sciences and the School of Music.,,,,,,,,,,,,,,,,,,,,,,,,,,,,,,,,,,,,,,,,,,,,,,,,,,,,,,,,,,,,,,,,,,,,,,,,,,,,,,,,,,,,,,,,,,,,,,,,,,,,,,,,,,,,,,,,,,,,,,,,,,,,,,,,,,,,,,,,,,,,,,,,,,,,,,,,,,,,,,,,,,,,,,,,,,,,,,,,,,,,,,,,,,,,,,,,,,,,,,,,,,,,,,,,,,,,,,,,,,,,,,,,,,,,,,,,,,,,,,,,,,,,,,,,,,,,,,,,,,,,,,,,,,,,,,,,,,,,,,,,,,,,,,,,,,,,,,,,,,,,,,,,,,,,,,,,,,,,,,,,,,,,,,,,,,,,,,,,,,,,,,,,,,,,,,,,,,,,,,,,,,,,,,,,,,,,,,,,,,,,,,,,,,,,,,,,,,,,,,,,,,,,,,,,,,,,,,,,,,,,,,,,,,,,,,,,,,,,,,,,,,,,,,,,,,,,,,,,,,,,,,,,,,,,,,
65143ac57e6d9506bbf8ffc9,,Business Flex Major,,,,,,,,,,,,,,,,,,,,,,,,,,,,,,,,,,,,,,,,,,,,,,,,,,,,,,,,,,,,,,,,,,,,,,,,,,,,,,,,,,,,,,,,,,,,,,,,,,,,,,,,,,,,,,,,,,,,,,,,,,,,,,,,,,,,80012345,,,,,,,A FLEX major is a special interdisciplinary business major designed by the student in collaboration with an advisor. It allows highly performing and self-directed students to pursue the course of study that they are most passionate about.,"Students must have completed at least 12 units, including 8 units at Stetson, and have a GPA of at least 3.30. Intent to double major must be declared and approved during the ILP application process.","To apply, students must construct an Individualized Learning Plan (ILP) articulating the rationale, learning goals, and coursework. The ILP must also include a plan for assessing the student's progress.",Statement of purpose,Learning goals,Customized course plan,Additional appendices,Signed student agreement form,Signed faculty agreement,"Approval by key departments, where appropriate",The ILP will be presented to an approval committee chosen by the Associate Dean. The committee will discuss the merits of the applicants and ILP to ensure rigor and appropriateness of the proposed curriculum.,6,6,2,1,4,,,,,,,,,,,,,,,,,,,,,,,,,,,,,,,,,,,,,,,,,,,,,,,,,,,,,,,,,,,,,,,,,,,,,,,,,,,,,,,,,,,,,,,,,,,,,,,,,,,,,,,,,,,,,,,,,,,,,,,,,,,,,,,,,,,,,,,,,,,,,,,,,,,,,,,,,,,,,,,,,,,,,,,,,,,,,,,,,,,,,,,,,,,,,,,,,,,,,,,,,,,,,,,,,,,,,,,,,,,,,,,,,,,,,,,,,,,,,,,,,,,,,,,,,,,,,,,,,,,,,,,,,,,,,,,,,,,,,,,,,,,,,,,,,,,,,,,,,,,,,,,,,,,,,,,,,,,,,,,,,,,,,,,,,,,,,,,,,,,,,,,,,,,,,,,,,,,,,,,,,,,,,,,,,,,,,,,,,,,,,,,,,,,,,,,,,,,,,,,,,,,,,,,,,,,,,,,,,,,,,,,,,,,,,,,,,,,,,,,,,,,,,,,,,,,,,,
65143b5b7e6d9506bbf8ffcb,,Business Systems and Analytics – Business Systems Management,,,,,,,,,,,,,,,,,,,,,,,,,,,,,,,,,,,,,,,,,,,,,,,,,,,,,,,,,,,,,,,,,,,,,,,,,,,,,,,,,,,,,,,,,,,,,,,,,,,,,,,,,,,,,,,,,,,,,,,,,,,,,,,,,,,,80023456,,,,,,,"This major focuses on business systems management and analytics, providing students with the skills needed for managing business processes and data-driven decision-making.",,,,,,,,,,,,,,,,9,8,BSAN 300: Programming for Analytics,BSAN 383: Descriptive Analytics and Visualization,BSAN 398: Databases and Big Data,BSAN 360: Project Management,BSAN 461: Business Process Management,BSAN 363: Cloud Computing,BSAN 370: Electronic Commerce,BSAN 488: Applications Development for E-Business,1,BSAN 494: Business Analysis,8,32,,,,,,,,,,,,,,,,,,,,,,,,,,,,,,,,,,,,,,,,,,,,,,,,,,,,,,,,,,,,,,,,,,,,,,,,,,,,,,,,,,,,,,,,,,,,,,,,,,,,,,,,,,,,,,,,,,,,,,,,,,,,,,,,,,,,,,,,,,,,,,,,,,,,,,,,,,,,,,,,,,,,,,,,,,,,,,,,,,,,,,,,,,,,,,,,,,,,,,,,,,,,,,,,,,,,,,,,,,,,,,,,,,,,,,,,,,,,,,,,,,,,,,,,,,,,,,,,,,,,,,,,,,,,,,,,,,,,,,,,,,,,,,,,,,,,,,,,,,,,,,,,,,,,,,,,,,,,,,,,,,,,,,,,,,,,,,,,,,,,,,,,,,,,,,,,,,,,,,,,,,,,,,,,,,,,,,,,,,,,,,,,,,,,,,,,,,,,,,,,,,,,,,,,,,,,,,,,,,,,,,,,,,,,,,,,,,,,,,,,
65143d5a7e6d9506bbf8ffcd,,Business Systems and Analytics – Data Analytics,,,,,,,,,,,,,,,,,,,,,,,,,,,,,,,,,,,,,,,,,,,,,,,,,,,,,,,,,,,,,,,,,,,,,,,,,,,,,,,,,,,,,,,,,,,,,,,,,,,,,,,,,,,,,,,,,,,,,,,,,,,,,,,,,,,,80012347,,,,,,,"This major focuses on data analytics with courses in programming, databases, and various analytics techniques.",The student must complete School of Business General Education Requirements and School of Business Foundation Requirements.,,,,,,,,,,,,,,,,,,,,,,,,,,,8,,7,BSAN 300 Programming for Analytics,BSAN 383 Descriptive Analytics and Visualization,BSAN 398 Databases and Big Data,BSAN 463 Prescriptive Analytics,BSAN 465 Predictive Analytics,"Select one unit from the following: BSAN 323V Health Analytics, BSAN 481 Social Media Analytics, STAT 440Q Forecasting, STAT 460Q Experimental Design and Advanced Data Analysis",BSAN 494 Business Analysis,8,SOBA 200 Professional Communications,ACCT 201 Fundamentals of Accounting,SOBA 201 Fundamentals of Financial Analysis,SOBA 202 Fundamentals of Organizations and Markets,SOBA 203 Fundamentals of Marketing and Technology,INTL 201 International Business and Culture (or equivalent),STAT 301Q Business Statistics,MGMT 495 Strategic Management,Experiential learning is the process of developing knowledge and skill from direct active experiences beyond a traditional classroom.,Scope: It must represent a significant investment of time and effort on the part of the student.,Rigor: It must entail a noteworthy interaction with college-level academic thought.,Promote Reflection: It must involve personal application by the student of classroom material.,Many courses and co-curricular activities are pre-approved as satisfying the experiential learning requirement. Students may also petition for special approval of additional activities.,The International Business and Culture requirement may be satisfied with INTL 201 or any other approved internationally-focused business course.,,,,,,,,,,,,,,,,,,,,,,,,,,,,,,,,,,,,,,,,,,,,,,,,,,,,,,,,,,,,,,,,,,,,,,,,,,,,,,,,,,,,,,,,,,,,,,,,,,,,,,,,,,,,,,,,,,,,,,,,,,,,,,,,,,,,,,,,,,,,,,,,,,,,,,,,,,,,,,,,,,,,,,,,,,,,,,,,,,,,,,,,,,,,,,,,,,,,,,,,,,,,,,,,,,,,,,,,,,,,,,,,,,,,,,,,,,,,,,,,,,,,,,,,,,,,,,,,,,,,,,,,,,,,,,,,,,,,,,,,,,,,,,,,,,,,,,,,,,,,,,,,,,,,,,,,,,,,,,,,,,,,,,,,,,,,,,,,,,,,,,,,,,,,,,,,,,,,,,,,,,,,,,,,,,,,,,,,,,,,,,,,,,,,,,,,,,,,,,,,,,,,,,,,,,,,,,,,,
65143da47e6d9506bbf8ffcf,,,,,,,,,,,,,,,,,,,,,,,,,,,,,,,,,,,,,,,,,,,,,,,,,,,,,,,,,,,,,,,,,,,,,,,,,,,,,,,,,,,,,,,,,,,,,,,,,,,,,,,,,,,,,,,,,,,,,,,,,,,,,,,,,,,,,,80012348,Business Systems Analytics,,,,,,"This minor provides students with a foundation in business systems analytics, including courses in financial analysis, marketing, and various analytics topics.",,,,,,,,,,,,,,,,,,,,,,,,,,,,,,,,,,,,,,,,,,,,,,,,,,,,,5,SOBA 201 Fundamentals of Financial Analysis,SOBA 203 Fundamentals of Marketing and Technology,Select three of the following:,ACCT 440 Data Analytics for Accounting,BSAN 300 Programming for Analytics,"BSAN 323V Health Analytics: Analytics, Informatics and Healthcare",BSAN 351V Technology Globalization and Social Justice,BSAN 360 Project Management,BSAN 363 Cloud Computing,BSAN 370 Electronic Commerce,BSAN 382 Web Development,BSAN 383 Descriptive Analytics and Visualization,BSAN 390 Special Topics in Business Systems and Analytics,BSAN 393 Communications Networks,BSAN 398 Databases and Big Data,BSAN 461 Business Process Management,BSAN 463 Prescriptive Analytics,BSAN 465 Predictive Analytics,BSAN 481 Social Media Analytics,BSAN 488 Applications Development for E-Business,BSAN 494 Business Analysis,SPTB 345 Sport Analytics,STAT 440Q Forecasting,STAT 460Q Experimental Design and Advanced Data Analysis,,,,,,,,,,,,,,,,,,,,,,,,,,,,,,,,,,,,,,,,,,,,,,,,,,,,,,,,,,,,,,,,,,,,,,,,,,,,,,,,,,,,,,,,,,,,,,,,,,,,,,,,,,,,,,,,,,,,,,,,,,,,,,,,,,,,,,,,,,,,,,,,,,,,,,,,,,,,,,,,,,,,,,,,,,,,,,,,,,,,,,,,,,,,,,,,,,,,,,,,,,,,,,,,,,,,,,,,,,,,,,,,,,,,,,,,,,,,,,,,,,,,,,,,,,,,,,,,,,,,,,,,,,,,,,,,,,,,,,,,,,,,,,,,,,,,,,,,,,,,,,,,,,,,,,,,,,,,,,,,,,,,,,,,,,,,,,,,,,,,,,,,,,,,,,,,,,,,,,,,,,,,,,,,,,,,,,,,,,,,,,,,,,,,,,,,
65143e7d7e6d9506bbf8ffd1,,Communication and Media Studies,,,,,,,,,,,,,,,,,,,,,,,,,,,,,,,,,,,,,,,,,,,,,,,,,,,,,,,,,,,,,,,,,,,,,,,,,,,,,,,,,,,,,,,,,,,,,,,,,,,,,,,,,,,,,,,,,,,,,,,,,,,,,,,,,,,,80012349,,,,,,,"This major explores various aspects of communication and media, including public speaking, communication ethics, interpersonal communication, research methods, and more.",Students must meet the eligibility criteria set by the institution to pursue a major in Communication and Media Studies.,,,,,,,,,,,,,,,,,,,,,,,,,,,,,11,,,,,,COMM 108 Public Speaking,COMM 200 Introduction to Communication and Media Studies,,,,,,,,,,,,,,,,,,,,,,,,,,,,,,,,,,,,,,,,,The student must complete the General Education Requirements of the College of Arts & Sciences (9 units).,"Select two units from the following: COMM 210V Communication and Media Ethics, COMM 216 Argumentation and Debate, COMM 221S Interpersonal Communication, COMM 228S Intercultural Communication (Can be used as a V course), COMM 231 Critical Studies of Mass Media, COMM 241A Visual Communication, COMM 285 Independent Study, COMM 290 Special Topics in Communication Studies, COMM 301 Qualitative Theory and Methodology","Select two units from the following: COMM 301 Qualitative Theory and Methodology, COMM 302 Rhetorical Theory and Criticism, COMM 303 Media Theory and Analysis","Select two units from the following: COMM 311 Classical Rhetoric, COMM 314B Rhetoric, Culture, and Identity, COMM 321V Gender in Communication, COMM 325 Organizational Communication, COMM 327V Health Communication, COMM 328B Food, Communication and Culture, COMM 333 Communication and Technology, COMM 367V Environmental Communication, COMM 385 Independent Study, COMM 390 Special Topics in Communication Studies, COMM 411 Philosophy of Communication, COMM 430B Media, Nation, and (Im)Migration, COMM 444 History and Criticism of American Public Address, COMM 485 Independent Study, COMM 490 Special Topics in Communication Studies",COMM 397 Internship in Communication and Media Studies,COMM 498 Senior Proposal,COMM 499 Senior Project,,,,,,,,,,,,,,,,,,,,,,,,,,,,,,,,,,,,,,,,,,,,,,,,,,,,,,,,,,,,,,,,,,,,,,,,,,,,,,,,,,,,,,,,,,,,,,,,,,,,,,,,,,,,,,,,,,,,,,,,,,,,,,,,,,,,,,,,,,,,,,,,,,,,,,,,,,,,,,,,,,,,,,,,,,,,,,,,,,,,,,,,,,,,,,,,,,,,,,,,,,,,,,,,,,,,,,,,,,,,,,,,,,,,,,,,,,,,,,,,,,,,,,,,,,,,,,,,,,,,,,,,,,,,,,,,,,,,,,,,,,,,,,,,,,,,,,,,,,,,,,,,,,,,,,,,,,,,,,,,,,,,,,,,,,,,,,,,,,,,,,,,,,,,,,,,,,,,,,,,,,,,,,,,,,,,,,,,,,,,,,,,,
65143f3c7e6d9506bbf8ffd3,,,,,,,,,,,,,,,,,,,,,,,,,,,,,,,,,,,,,,,,,,,,,,,,,,,,,,,,,,,,,,,,,,,,,,,,,,,,,,,,,,,,,,,,,,,,,,,,,,,,,,,,,,,,,,,,,,,,,,,,,,,,,,,,,,,,,,80098765,Communication and Media Studies,,,,,,"This minor provides students with an understanding of communication and media concepts, including public speaking, communication ethics, research methods, and more.",Students must meet the eligibility criteria set by the institution to pursue a minor in Communication and Media Studies.,,,,,,,,,,,,,,,,,,,,,,,,,,,,,,,,,,,,,,,,,,,,,,,,,,,,5,,,,,,,,,,,,,,,,,,,,,,,,,,,,,,,,COMM 108 Public Speaking,COMM 200 Introduction to Communication and Media Studies,Select one of the following:,COMM 210V Communication and Media Ethics,COMM 216 Argumentation and Debate,COMM 221S Interpersonal Communication,COMM 228S Intercultural Communication (Can be used as a D course),COMM 231 Critical Studies of Mass Media,COMM 241A Visual Communication,COMM 285 Independent Study,COMM 290 Special Topics in Communication Studies,Select one unit from the following:,COMM 301 Qualitative Theory and Methodology,COMM 302 Rhetorical Theory and Criticism,COMM 303 Media Theory and Analysis,Select one unit from the following:,COMM 311 Classical Rhetoric,"COMM 314B Rhetoric, Culture, and Identity",COMM 321V Gender in Communication,COMM 325 Organizational Communication,COMM 327V Health Communication,"COMM 328B Food, Communication and Culture",COMM 333 Communication and Technology,COMM 367V Environmental Communication,COMM 385 Independent Study,COMM 390 Special Topics in Communication Studies,COMM 411 Philosophy of Communication,"COMM 430B Media, Nation, and (Im)Migration",COMM 444 History and Criticism of American Public Address,COMM 485 Independent Study,COMM 490 Special Topics in Communication Studies *,,,,,,,,,,,,,,,,,,,,,,,,,,,,,,,,,,,,,,,,,,,,,,,,,,,,,,,,,,,,,,,,,,,,,,,,,,,,,,,,,,,,,,,,,,,,,,,,,,,,,,,,,,,,,,,,,,,,,,,,,,,,,,,,,,,,,,,,,,,,,,,,,,,,,,,,,,,,,,,,,,,,,,,,,,,,,,,,,,,,,,,,,,,,,,,,,,,,,,,,,,,,,,,,,,,,,,,,,,,,,,,,,,,,,,,,,,,,,,,,,,,,,,,,,,,,,,,,,,,,,,,,,,,,,,,,,,,,,,,,,,,,,,,,,,,,,,,,,,,,,,,,,,,,,,,,,,,,,,,,,,,,,,,,,,,,,,,,,,,,,,,,,,,,,,,,,,
6514419d7e6d9506bbf8ffd5,,Computer Information Systems,,,,,,,,,,,,,,,,,,,,,,,,,,,,,,,,,,,,,,,,,,,,,,,,,,,,,,,,,,,,,,,,,,,,,,,,,,,,,,,,,,,,,,,,,,,,,,,,,,,,,,,,,,,,,,,,,,,,,,,,,,,,,,,,,,,,,,,,,,,,,,,,,,,,,,,,,,,,,,,,,,,,,,,,,,,,,,,,,,,,,,,,,,,,,,,,,,,,,,,,,,,,,,,,,,,,,,,,,,,,,,,,,,,,,,,,,,,,,,,,,,,,,,,,,,,,,,,80034567,CINF 190,CINF 201,CINF 285,CINF 290,CINF 301,CINF 304,CINF 351V,CINF 385,CINF 390,CINF 397,CINF 401,CINF 485,CINF 490,CINF 498,CINF 499,Special Topics in Computer Information Systems,Database Systems,Independent Study,Special Topics in Computer Information Systems,Web Application Development,Mobile Computing,Ethics and Technology,Independent Study,Special Topics in Computer Information Systems,Internship in Computer Information Systems,Big Data Mining and Analytics,Independent Study,Special Topics in Computer Information Systems,Senior Project I,Senior Project II,0.5 or 1,1,0.5 or 1,0.5 or 1,1,1,1,0.5 or 1,0.5 or 1,0.5 or 1,1,0.5 or 1,0.5 or 1,1,1,Introductory-level course with varied content. Covers topics not typically taught in existing courses. Content rigor is consistent with second or third-year courses in the department.,"Introduction to relational database systems, including requirements gathering, database design, normalization, SQL programming, and NoSQL databases. Offered annually in either fall or spring. Prerequisite: CSCI 111, CSCI 141, or CSCI 261, or permission of instructor.",Faculty-mentored course covering content not addressed by current courses. Typically involves one or two students led by a faculty member.,Course designed by faculty to explore topics not typically covered in existing courses. Content rigor aligns with second or third-year courses in the department.,"Focuses on full web application development, covering front-end (HTML, CSS, JavaScript, React) and back-end (Node.js). Offered every spring. Prerequisite: CSCI 221.","Introduction to mobile computing and mobile app development. Covers various mobile technologies, software development for mobile platforms, and modern distributed software systems. Offered based on student demand. Prerequisite: CSCI 221.","Focuses on ethical and legal issues related to information technology, including copyright, security, and privacy. Explores the impact of ethical and social issues on IT design and implementation. Offered annually in either fall or spring. Junior Seminar.",Faculty-mentored course for content not covered by current courses. Typically involves one or two students led by a faculty member. May cover third or fourth-year content.,Course designed by faculty to explore topics not typically covered in existing courses. Content rigor aligns with third or fourth-year courses in the department. May be repeated for credit.,"Internship with an outside company or organization, emphasizing relevant learning and career skills. Prerequisite: Approval of chair and faculty supervisor.","Survey of acquiring, storing, accessing, and analyzing large data sets. Covers data sources, APIs, distributed systems, databases, and data mining. Offered every spring. Prerequisite: CSCI 221 or permission of instructor.",Faculty-mentored course for content not covered by current courses. Typically involves one or two students led by a faculty member. May cover fourth-year content.,Course designed by faculty to explore topics not typically covered in existing courses. The sophistication and rigor of the content is consistent with courses that are offered in the fourth year of study in the department.,"Students will select a topic in computer information systems, work on it with a faculty member, develop a project proposal, and present their findings to the department. Prerequisite: Three CSCI or CINF courses at the 300 level or above. Writing Enhanced course.",An extension of the research project started in CINF 498. Students write a final paper and present their results to the department. Prerequisite: CINF 498. Writing Enhanced course.,,,,,,,,,,,,,,,,,,,,,,,,,,,,,,,,,,,,,,,,,,,,,,,,,,,,,,,,,,,,,,,,,,,,,,,,,,,,,,,,,,,,,,,,,,,,,,,,,,,,,,,,,,,,,,,,,,,,,,,,,,,,,,,,,,,,,,,,,,,,,,,,,,,,,,,,,,,,,,,,,,,,,,,,,,,,,,,,,,,,,,,,,,,,,,,,,,,,,,,,,,,,,,,,,,,,,,,,,,,,,,,,,,,,,,,,,,,,,,,,,,,,,,,,,,,,,,,,,,,,,,,,,,,,,,,,,,,,,,,,,,,,,,,,,,,,,
651d6b51db8c7a2f5c4be548,,Bachelor of Arts in Digital Arts,,,,,,,,,,,,,,,,,,,,,,,,,,,,,,,,,,,,,,,,,,,,,,,,,,,,,,,,,,,,,,,,,,,,,,,,,,,,,,,,,,,,,,,,,,,,,,,,,,,,,,,,,,,,,,,,,,,,,,,,,,,,,,,,,,,,,,,,,,,,,,,,,,,,,,,,,,,,,,,,,,,,,,,,,,,,,,,,,,,,,,,,,,,,,,,,,,,,,,,,,,,,,,,,,,,,,,,,,,,,,,,,,,,,,,,,,,,,,,,,,,,,,,,,,,,,,,,800321456,,,,,,,,,,,,,,,,,,,,,,,,,,,,,,,,,,,,,,,,,,,,,,,,,,,,,,,,,,,,,"The Bachelor of Arts in Digital Arts program provides students with a comprehensive education in various digital art forms, including digital photography, video, 3D modeling, animation, audio recording, music, and more. Students will develop creative and technical skills in digital media production and design.",The student must complete the General Education Requirements of the College of Arts and Sciences - 9 units.,DIGA 101A,DIGA 161A,Two DIGA Electives,Select two of the following sequences,DIGA 398,DIGA 498,DIGA 499,,,,,Digital Art Fundamentals,Digital Audio Fundamentals,Choose 2 DIGA Electives,Choose 2 sequences from the following:,Advanced Digital Arts Studio,Senior Project I,Senior Project II,,,,,1,1,2,4,1,1,1,,,,,Digital Photography,Interactivity and Art,Digital Video Fundamentals,3D Modeling and Animation,Audio Recording and Production,Electronic Music and Sound Design,Scoring for Multimedia,,,,DIGA 225 - Digital Photography,DIGA 325 - Advanced Digital Photography,DIGA 231 - Interactivity and Art,DIGA 331 - Advanced Interactivity and Art,DIGA 251 - Digital Video Fundamentals,DIGA 351 - Advanced Digital Video,DIGA 301 - 3D Modeling and Animation,DIGA 302 - Advanced 3D Modeling and Animation,DIGA 361 - Audio Recording and Production I,DIGA 362 - Audio Recording and Production II,DIGA 365 - Electronic Music and Sound Design I,DIGA 366 - Electronic Music and Sound Design II,DIGA 465 - Scoring for Multimedia,DIGA 466 - Advanced Scoring for the Media,,,,,,,"Three units total from any of the following prefixes: ARTS, ARTH, CREA, MUSC, PHYS, ENCW, or THEA - 3 units.",General Electives - 9 units.,32,,,,,,,,,,,,,,,,,,,,,,,,,,,,,,,,,,,,,,,,,,,,,,,,,,,,,,,,,,,,,,,,,,,,,,,,,,,,,,,,,,,,,,,,,,,,,,,,,,,,,,,,,,,,,,,,,,,,,,,,,,,,,,,,,,,,,,,,,,,,,,,,,,,,,,,,,,,,,,,,,,,,,,,,,,,,,,,,,,,,,,,,,,,,,,,,,,,,,,,,,,,,,,,,,,,,,,,,,,,,,,,,,
651d6c37db8c7a2f5c4be54a,,Bachelor of Science in Digital Arts,,,,,,,,,,,,,,,,,,,,,,,,,,,,,,,,,,,,,,,,,,,,,,,,,,,,,,,,,,,,,,,,,,,,,,,,,,,,,,,,,,,,,,,,,,,,,,,,,,,,,,,,,,,,,,,,,,,,,,,,,,,,,,,,,,,,,,,,,,,,,,,,,,,,,,,,,,,,,,,,,,,,,,,,,,,,,,,,,,,,,,,,,,,,,,,,,,,,,,,,,,,,,,,,,,,,,,,,,,,,,,,,,,,,,,,,,,,,,,,,,,,,,,,,,,,,,,,800728869,,,,,,,,,,,,,,,,,,,,,,,,,,,,,,,,,,,,,,,,,,,,,,,,,,,,,,,,,,,,,"The Bachelor of Science in Digital Arts program provides students with a comprehensive education in various digital art forms, including digital photography, video, 3D modeling, animation, audio recording, and more. Students will develop creative and technical skills in digital media production and design.",The student must complete the General Education Requirements of the College of Arts and Sciences - 9 units.,DIGA 101A,DIGA 161A,CSCI 141,CSCI 142,Two DIGA Electives,Select one of the following sequences,DIGA 398,DIGA 498,DIGA 499,,,Digital Art Fundamentals,Digital Audio Fundamentals,Introduction to Computer Science I,Introduction to Computer Science II,Choose 2 DIGA Electives,Choose 1 sequence from the following:,Advanced Digital Arts Studio,Senior Project I,Senior Project II,,,1,1,1,1,2,2,1,1,1,,,,,,,,,,Interactivity and Art,3D Modeling and Animation,Electronic Music and Sound Design,,,,,,,,,,,,,,,DIGA 231 - Interactivity and Art,DIGA 331 - Advanced Interactivity and Art,DIGA 301 - 3D Modeling and Animation,DIGA 302 - Advanced 3D Modeling and Animation,DIGA 365 - Electronic Music and Sound Design I,DIGA 366 - Electronic Music and Sound Design II,"Three units total from any of the following prefixes: ARTS, ARTH, CREA, MUSC, PHYS, ENCW, or THEA - 3 units.",General Electives - 9 units.,32,,,,,,,,,,,,,,,,,,,,,,,,,,,,,,,,,,,,,,,,,,,,,,,,,,,,,,,,,,,,,,,,,,,,,,,,,,,,,,,,,,,,,,,,,,,,,,,,,,,,,,,,,,,,,,,,,,,,,,,,,,,,,,,,,,,,,,,,,,,,,,,,,,,,,,,,,,,,,,,,,,,,,,,,,,,,,,,,,,,,,,,,,,,,,,,,,,,,,,,,,,,,,,,,,,,,,,,,,,,,,,,,,
651d6d4adb8c7a2f5c4be54c,,,,,,,,,,,,,,,,,,,,,,,,,,,,,,,,,,,,,,,,,,,,,,,,,,,,,,,,,,,,,,,,,,,,,,,,,,,,,,,,,,,,,,,,,,,,,,,,,,,,,,,,,,,,,,,,,,,,,,,,,,,,,,,,,,,,,,,Minor in Digital Arts,,,,,,,,,,,,,,,,,,,,,,,,,,,,,,,,,,,,,,,,,,,,,,,,,,,,,,,,,,,,,,,,,,,,,,,,,,,,,,,,,,,,,,,,,,,,,,,,,,,,,,,,,,,,,,,,,,,,,,,,,,80527680,,,,,,,,,,,,,,,,,,,,,,,,,,,,,,,,,,,,,,,,,,,,,,,,,,,,,,,,,,,,,,,,,,,,,,,,,,,,,,,,,,,,,,,,,,,,,,,,,,,,,,,,,,,,,,,,,,,,,,,,,,,,,,,,5,DIGA 101A,DIGA 161A,One DIGA Elective,Select one two-unit sequence from the following,Digital Art Fundamentals,Digital Audio Fundamentals,Choose 1 DIGA Elective,Choose 1 sequence from the following:,1,1,1,2,Digital Photography,Interactivity and Art,Digital Video Fundamentals,3D Modeling and Animation,Audio Recording and Production,Electronic Music and Sound Design,DIGA 225 - Digital Photography,DIGA 325 - Advanced Digital Photography,DIGA 231 - Interactivity and Art,DIGA 331 - Advanced Interactivity and Art,DIGA 251 - Digital Video Fundamentals,DIGA 351 - Advanced Digital Video,DIGA 301 - 3D Modeling and Animation,DIGA 302 - Advanced 3D Modeling and Animation,DIGA 361 - Audio Recording and Production I,DIGA 362 - Audio Recording and Production II,DIGA 365 - Electronic Music and Sound Design I,DIGA 366 - Electronic Music and Sound Design II,,,,,,,,,,,,,,,,,,,,,,,,,,,,,,,,,,,,,,,,,,,,,,,,,,,,,,,,,,,,,,,,,,,,,,,,,,,,,,,,,,,,,,,,,,,,,,,,,,,,,,,,,,,,,,,,,,,,,,,,,,,,,,,,,,,,,,,,,,,,,,,,,,,,,,,,,,,,,,,,,,,,,,,,,,,,,,,,,,,,,,,,,,,,,,,,,,,
651d6dcbdb8c7a2f5c4be54e,,Bachelor of Business Administration in Economics,,,,,,,,,,,,,,,,,,,,,,,,,,,,,,,,,,,,,,,,,,,,,,,,,,,,,,,,,,,,,,,,,,,,,,,,,,,,,,,,,,,,,,,,,,,,,,,,,,,,,,,,,,,,,,,,,,,,,,,,,,,,,,,,,,,,,,,,,,,,,,,,,,,,,,,,,,,,,,,,,,,,,,,,,,,,,,,,,,,,,,,,,,,,,,,,,,,,,,,,,,,,,,,,,,,,,,,,,,,,,,,,,,,,,,,,,,,,,,,,,,,,,,,,,,,,,,,80075689,,,,,,,,,,,,,,,,,,,,,,,,,,,,,,,,,,,,,,,,,,,,,,,,,,,,,,,,,,,,,,,ECON 300,ECON 301,FINA 303,FINA 412,Select three electives from the following:,,,,,,,Intermediate Microeconomics,Intermediate Macroeconomics,Money and Financial Institutions,Multinational Finance,Choose 3 electives from the following:,,,,,,,1,1,1,1,3,,,,,,,,,,,,,,,,,,,,,,,,,,,,,,,,,,,,,,,32,,,,,,,,,,,,,,,,,,,,,,,,,,,,,,,Any FINA course at 300/400 level,Any ACCT course at 300/400 level,Any ECON course at 300/400 level,Any STAT course at 300/400 level,8,,,,,,,,,,,,,,,,,,,,,,,,,,,,,,,,,,,,,,,,,,,,,,,,,,,,,,,,,,,,,,,,,,,,,,,,,,,,,,,,,,,,,,,,,,,,,,,,,,,,,,,,,,,,,,,,,,,,,,,,,,,,,,,,,,,,,,,,,,,,,,,,,,,,,,,,,,,,,,,,,,,,,,,,,,,,,,,,,,,,,,,,,,,,,,
651d6f89db8c7a2f5c4be550,,Bachelor of Business Administration in Economics,,,,,,,,,,,,,,,,,,,,,,,,,,,,,,,,,,,,,,,,,,,,,,,,,,,,,,,,,,,,,,,,,,,,,,,,,,,,,,,,,,,,,,,,,,,,,,,,,,,,,,,,,,,,,,,,,,,,,,,,,,,,,,,,,,,,,,,,,,,,,,,,,,,,,,,,,,,,,,,,,,,,,,,,,,,,,,,,,,,,,,,,,,,,,,,,,,,,,,,,,,,,,,,,,,,,,,,,,,,,,,,,,,,,,,,,,,,,,,,,,,,,,,,,,,,,,,,800884236,,,,,,,,,,,,,,,,,,,,,,,,,,,,,,,,,,,,,,,,,,,,,,,,,,,,,,,,,,,,,,9,ECON 300,ECON 301,FINA 303,FINA 412,,,,,,,,Intermediate Microeconomics,Intermediate Macroeconomics,Money and Financial Institutions,Multinational Finance,,,,,,,,1,1,1,1,,,,,,,,,,,,,,,,,,,,,,,,,,,,,,,,,,,,,,,8,32,,,,,,,,,,,,,,,,,,,,,,,,,,,,,,,,,,,,8,3,Any FINA course at 300/400 level,Any ACCT course at 300/400 level,Any ECON course at 300/400 level,Any STAT course at 300/400 level,SOBA 200,ACCT 201,SOBA 201,SOBA 202,SOBA 203,INTL 201,STAT 301Q,MGMT 495,Professional Communications,Fundamentals of Accounting,Fundamentals of Financial Analysis,Fundamentals of Organizations and Markets,Fundamentals of Marketing and Technology,International Business and Culture (or equivalent),Business Statistics,Strategic Management,1,1,1,1,1,1,1,1,,,,,,,,,,,,,,,,,,,,,,,,,,,,,,,,,,,,,,,,,,,,,,,,,,,,,,,,,,,,,,,,,,,,,,,,,,,,,,,,,,,,,,,,,,,,,,,,,,,,,,,,,,,,,,,,,,,,,,,,,,,,,,,,,,,,,,,,,,,,,,,,,,,,,,,,,,,,,,,,
651d706ddb8c7a2f5c4be552,,Bachelor of Science in Economics,,,,,,,,,,,,,,,,,,,,,,,,,,,,,,,,,,,,,,,,,,,,,,,,,,,,,,,,,,,,,,,,,,,,,,,,,,,,,,,,,,,,,,,,,,,,,,,,,,,,,,,,,,,,,,,,,,,,,,,,,,,,,,,,,,,,,,,,,,,,,,,,,,,,,,,,,,,,,,,,,,,,,,,,,,,,,,,,,,,,,,,,,,,,,,,,,,,,,,,,,,,,,,,,,,,,,,,,,,,,,,,,,,,,,,,,,,,,,,,,,,,,,,,,,,,,,,,800778123,,,,,,,,,,,,,,,,,,,,,,,,,,,,,,,,,,,,,,,,,,,,,,,,,,,,,,,,,,,,,,9,ECON 104S,ECON 204S,ECON 300,ECON 301,ECON 374Q,ECON 380,ECON 475,ECON 480,ECON 498,ECON 499,ECON Electives,Foundations of Economics I,Foundations of Economics II,Intermediate Microeconomics,Intermediate Macroeconomics,Econometrics I,Department Colloquium,Econometrics II,Department Colloquium (taken twice),Senior Project Proposal,Senior Project,Three units in ECON. Two units must be 300-level or higher. ECON 395 may be taken up to two times towards this requirement. ECON 397 must be taken for a letter grade to count towards this requirement.,1,1,1,1,1,0,1,0.5,0.5,1,3,,,,,,,,,,,,,,,,,,,,,,,,,,,,,,,,10,32-33,,,,,,,,,,,,,,,,,,,,,,,,,,,,,,,,,,,,,,,,,,,,,,,,,,,,,,,,,,,,,,,,,,One introductory statistics unit,One Mathematics unit,chosen from the following:,from the following:,1,1 to 2,,,,,,,,,,,,,,,,,,,,,,,,,,,,,,,,,,,,,,,,,,,,,,,,,,,,,,,,,,,,,,,,,,,,,,,,,,,,,,,,,,,,,,,,,,,,,,,,,,,,,,,,,,,,,,,,,,,,,,,,,,,,,,,,,,,,,,,,,,,,,,,,,,,,,,,,,,
651d71eddb8c7a2f5c4be554,,,,,,,,,,,,,,,,,,,,,,,,,,,,,,,,,,,,,,,,,,,,,,,,,,,,,,,,,,,,,,,,,,,,,,,,,,,,,,,,,,,,,,,,,,,,,,,,,,,,,,,,,,,,,,,,,1,1,1,1,,,,,,,,,,,,,,,,,,,Minor in Economics,,,,,,,,,,,,,,,,,,,,,,,,,,,,,,,,,,,,,,,,,,,,,,,,,,,,,,,,,,,,,,,,,,,,,,,,,,,,,,,,,,,,,,,,,,,,,,,,,,,,,,,,,,,,,,,,,,,,,,,,,,80056433,,,,,,,,,,,,,,,,,,,,,,,,,,,,,,,,,,,,,,,,,,,,,,,,,,,,,,,,,,,,,,,,,,,,,,,,,,,,,,,,,,,,,,,,,,,,,,,,,,,,,,,,,,,,,,,,,,,,,,,,,,,,,,,,4,,,,,,,,,,,,,,,,,,,,,,,,,,,,,,,,,,,,,,,,,,,,,,,,,,,,,,,,,,,,,,,,,,,,,,,,ECON 103S,ECON 204S,ECON 300,ECON 301,,,,,,,,,,,,,,,,,,Essentials of Economics I,Foundations of Economics II,Intermediate Microeconomics,Intermediate Macroeconomics,,,,,,,,,,,,,,,,,,,,,,,,,,,,,,,,,,,,,,,,,,,,,,,,,,,,,,,,,,,,,,,,,,,,,,,,,,,,,,,,,,,,,,,,,,,,,,,,,,,,,,,,,,,,,,,,,,,,,,,,,,,,,,,,,
651d7374db8c7a2f5c4be556,,Bachelor of Arts in Elementary Education (Grades K-6) with ESOL Endorsement and Reading Endorsement,,,,,,,,,,,,,,,,,,,,,,,,,,,,,,,,,,,,,,,,,,,,,,,,,,,,,,,,,,,,,,,,,,,,,,,,,,,,,,,,,,,,,,,,,,,,,,,,,,,,,,,,,,,,,,,1,1,1,1,1,1,1,1,1,1,1,1,1,0.5,0.5,1,1,1,2,1,1,,,,,,,,,,,,,,,,,,,,,,,,,,,,,,,,,,,,,,,,,,,,,,,,,,,,,,,,,,,,,,,,,,,,,,,,,,,,,,,,,,,,,,,,,,,,,,,,,,,,,,,,,,,,,,,,,,,,,,,,,,,,80055234,,,,,,,,,,,,,,,,,,,,,,,,,,,,,,,,,,,,,,,,,,,,,,,,,,,,,,,,,,,,,,,,,,,,,,,,,,,,,,,,,,,,,,,,,,,,,,,,,,,,,,,,,,,,,,,,,,,,,,,,,,,,,,,,32,,,,,,,,,,,,,,,,,,,,,,,,,,,,,,,,,,,,,,,,,,,,,,,,,,,,,,,,,,,,,,,,,,,,,,,,MATH 110Q,EDUC 245H,EDUC 255S,EDUC 265,EDUC 275V,EDUC 300,EDUC 301,EDUC 313,EDUC 314,EDUC 315,EDUC 316,EDUC 321,EDUC 322,EDUC 393,EDUC 394,EDUC 424,EDUC 428,EDUC 429,EDUC 430,EDUC 474,EDUC 499,Elementary Mathematics,Social Foundations of Education,Educational Psychology,Principles and Methods of Instruction for Diverse Learners,Human Exceptionalities,Language and Culture of Bilingual Learners,Reading in the Primary Grades,Curriculum and Assessment of Bilingual Children in US Schools,Reading in the Intermediate Grades,Language Arts and Literature for Children,Assessment and Evaluation of Learning,Mathematics in the Elementary School,Natural and Social Sciences in the Elementary School,Professional Educator I,Professional Educator II,Assessment and Differentiation of Reading Instruction,Reading Practicum,Senior Intern Seminar,Student Teaching,Educational Management of Exceptional Students,Senior Project,Lab fee required. See FTCE website for fee amounts: http://www.fl.nesinc.com/.,Student Fee for Education name badge.,General Knowledge Exam must be registered for and attempted in conjunction with this course,Professional Educator Exam must be registered for and attempted in conjunction with this course,Subject Area Exam must be registered for and attempted in conjunction with this course,,,,,,,,,,,,,,,,,,,,,,,,,,,,,,,,,,,,,,,,,,,,,,,,,,,,,,,,,,,,,,,,,,,,,,,,,,,,,,,,,,,,,,,,,,,,,,,,,,,,,,,,,,,
651d753fdb8c7a2f5c4be558,,,General Education Requirements,Major Requirements,,,,,,,,,,,,,,,,,,,,,,,,,,,,,,,,,,,,,,,,,,,,,,,,,,,,,,,,,,,,,,,,,,,,,,,,,,,,,,,,,,,,,,,,,,,,,,,,,,,,,,,,,,,,,,9,,,,,,,,,,,,,,,,,,,,,,,,,,,,,,,,,,,,,,,,,,,,,,,,,,,,,,,,,,,,,,,,,,,,,,,,,,,,,,,,,,,,,,,,,,,,,,,,,,,,,,,,,,,,,,,,,,,,,,,,,,,,,,,,,,,,,,,,,,,,,,,80022315,,,,,,,,,,,,,,,,,,,,,,,,,,,,,,,,,,,,,,,,,,,,,,,,,,,,,,,,,,,,,,,,,,,,,,,,,,,,,,,,,,,,,,,,,,,,,,,,,,,,,,,,,,,,,,,,,,,,,,,,,,,,,,,,32,,,,,,,,,,,,,,,,,,,,,,,,,,,,,,,,,,,,,,,,,,,,,,,,,,,,,,,,,,,,,,,,,,,,,,,,,,,,,,,,,,,,,,,,,,,,,,,,,,,,,,,,,,,,,,,,,,,,,,,Bachelor of Arts in English,ENGL 300,ENGL 499,,,,,,,,,,,,,,,,,,,,,,,,,,,,,,Text-Criticism-Theory,Senior Project,,,,,,,,,,,,,,,,,,,,,,,,,,,,,,1,1,,,,,,,,,,,,,,,,,,,,,,,,,,,,,,Generic and Historical Breadth -- a total of three units from the following:,One unit from the following courses focusing on kinds (genres) of writing: An ENGL course numbered 220 or 240-245,"One unit in ENGL from historical surveys of literature, courses numbered 250-259",One unit from either of the above lists,"Two units in ENGL at the 300-level, other than ENGL 300 and Junior Seminar",Select two units from ENGL courses numbered 420-497,Or select one unit from the above and one unit from ENCW courses numbered 411-419,Two units in ENGL or ENCW (may include only one 100-level. May include Junior Seminar.),Collateral Requirements: Language proficiency at the 102 level or above.,,,,
651d7641db8c7a2f5c4be55a,,,Requirements,,,,,,,,,,,,,,,,,,,,,,,,,,,,,,,,,,,,,,,,,,,,,,,,,,,,,,,,,,,,,,,,,,,,,,,,,,,,,,,,,,,,,,,,,,,,,,,,,,,,,,,,,,,,,,,,,,,,,,,,,,,,,,,,,,,,Minor in English,,,,,,,,,,,,,,,,,,,,,,,,,,,,,,,,,,,,,,,,,,,,,,,,,,,,,,,,,,,,,,,,,,,,,,,,,,,,,,,,,,,,,,,,,,,,,,,,,,,,,,,,,,,,,,,,,,,,,,,,,,80213450,,,,,,,,,,,,,,,,,,,,,,,,,,,,,,,,,,,,,,,,,,,,,,,,,,,,,,,,,,,,,,,,,,,,,,,,,,,,,,,,,,,,,,,,,,,,,,,,,,,,,,,,,,,,,,,,,,,,,,,,,,,,,,,,5,,,,,,,,,,,,,,,,,,,,,,,,,,,,,,,,,,,,,,,,,,,,,,,,,,,,,,,,,,,,,,,,,,,,,,,,,,,,,,,,,,,,,,,,,,,,,,,,,,,,,,,,,,,,,,,,,,,,,,,,,,ENGL 220,ENGL 240A,ENGL 241A,ENGL 242A,ENGL 243A,,,,,,,,,,,,,,,,,,,,,,,,,,,Understanding Composition and Rhetoric,Reading Non-Fiction,Reading Narrative,Reading Lyric,Understanding Drama,,,,,,,,,,,,,,,,,,,,,,,,,,,1,1,1,1,1,,,,,,,,,,,,,,,,,,,,,,,,,,,,,,,,,,Select two units from the following:,One unit from ENGL numbered 425 or above,One unit from ENGL or ENCW numbered 200 or above,One unit from ENGL numbered 200 and above
651d76dddb8c7a2f5c4be55c,,Minor in Creative Writing for English Majors,Requirements,Select two units at the 300-level from the following:,Select two units at the 400-level from the following:,At least four units of the minor must be in ENCW,,,,,,,,,,,,,,,,,,,,,,,,,,,,,,,,,,,,,,,,,,,,,,,,,,,,,,,,,,,,,,,,,,,,,,,,,,,,,,,,,,,,,,,,,,,,,,,,,,,,,,,,,,,,,,,,,,,,,,,,,,,,,,,,,,,,,,,,,,,,,,,,,,,,,,,,,,,,,,,,,,,,,,,,,,,,,,,,,,,,,,,,,,,,,,,,,,,,,,,,,,,,,,,,,,,,,,,,,,,,,,,,,,,,,,,,,,,,,,,,,,,,,,,,,,,8006533,,,,,,,,,,,,,,,,,,,,,,,,,,,,,,,,,,,,,,,,,,,,,,,,,,,,,,,,,,,,,,,,,,,,,,,,,,,,,,,,,,,,,,,,,,,,,,,,,,,,,,,,,,,,,,,,,,,,,,,,,,,,,,,,5,,,,,,,,,,,,,,,,,,,,,,,,,,,,,,,,,,,,,,,,,,,,,,,,,,,,,,,,,,,,,,,,,,,,,,,,,,,,,,,,,,,,,,,,,,,,,,,,,,,,,,,,,,,,,,,,,,,,,,,,ENCW 311A,ENCW 312A,"One unit from the 100-, 200-, or 300-level",ENCW 111A,ENCW 112A,ENCW 113A,ENCW 114A,ENCW 411,ENCW 412,,,,,,,,,,,,,,,,,,,,,,,Non-Fiction Workshop,Fiction Workshop,"May substitute with 1 unit at the 100-, 200-, or 300-level in ARTS, DIGA, THEA, or JOUR.",Intro Writing Literary Nonfict,Introduction to Writing Fiction,Introduction to Writing Poetry,Introduction to Dramatic Writing,Advanced Non-Fiction Workshop *,Advanced Fiction Workshop *,,,,,,,,,,,,,,,,,,,,,,,1,1,1,1,1,1,1,1,1,,,,,,,,,,,,,,,,,,,,,,,,,,,,,,,,"One unit from the 100-, 200-, or 300-level","May substitute with 1 unit at the 100-, 200-, or 300-level in ARTS, DIGA, THEA, or JOUR.",Select two units at the 300-level from the following:,
651d77a4db8c7a2f5c4be55e,,,Requirements,Three units in ENCW from the following:,,,,,,,,,,,,,,,,,,,,,,,,,,,,,,,,,,,,,,,,,,,,,,,,,,,,,,,,,,,,,,,,,,,,,,,,,,,,,,,,,,,,,,,,,,,,,,,,,,,,,,,,,,,,,,,,,,,,,,,,,,,,,,,,,,,Minor in Creative Writing for Non-English Majors,,,,,,,,,,,,,,,,,,,,,,,,,,,,,,,,,,,,,,,,,,,,,,,,,,,,,,,,,,,,,,,,,,,,,,,,,,,,,,,,,,,,,,,,,,,,,,,,,,,,,,,,,,,,,,,,,,,,,,,,,,80076553,,,,,,,,,,,,,,,,,,,,,,,,,,,,,,,,,,,,,,,,,,,,,,,,,,,,,,,,,,,,,,,,,,,,,,,,,,,,,,,,,,,,,,,,,,,,,,,,,,,,,,,,,,,,,,,,,,,,,,,,,,,,,,,,5,,,,,,,,,,,,,,,,,,,,,,,,,,,,,,,,,,,,,,,,,,,,,,,,,,,,,,,,,,,,,,,,,,,,,,,,,,,,,,,,,,,,,,,,,,,,,,,,,,,,,,,,,,,,,,,,,,,,,,,,ENCW 111A,ENCW 112A,One unit in ENGL numbered 300 or above,"One unit in ENGL, ARTS, DIGA, THEA, or JOUR",,,,,,ENCW 113A,ENCW 114A,ENCW 120A,ENCW 215A,,,,,,,,,,,,,,,,,,,Intro Writing Literary Nonfict,Introduction to Writing Fiction,,,,,,,,Introduction to Writing Poetry,Introduction to Dramatic Writing,Writers Write,Multi-Genre Creative Writing,,,,,,,,,,,,,,,,,,,1,1,1,1,,,,,,1,1,1,1,,,,,,,,,,,,,,,,,,,,,,,,,,,,Three units in ENCW from the following:,,,
651d7ae4db8c7a2f5c4be560,,,Required Courses,Elective Courses,,,,,,,,,,,,,,,,,,,,,,,,,,,,,,,,,,,,,,,,,,,,,,,,,,,,,,,,,,,,,,,,,,,,,,,,,,,,,,,,,,,,,,,,,,,,,,,,,,,,,,,,,,,,,,,,,,,,,,,,,,,,,,,,,,,Minor in Entrepreneurship,,,,,,,,,,,,,,,,,,,,,,,,,,,,,,,,,,,,,,,,,,,,,,,,,,,,,,,,,,,,,,,,,,,,,,,,,,,,,,,,,,,,,,,,,,,,,,,,,,,,,,,,,,,,,,,,,,,,,,,,,,8006623,,,,,,,,,,,,,,,,,,,,,,,,,,,,,,,,,,,,,,,,,,,,,,,,,,,,,,,,,,,,,,,,,,,,,,,,,,,,,,,,,,,,,,,,,,,,,,,,,,,,,,,,,,,,,,,,,,,,,,,,,,,,,,,,4,,,,,,,,,,,,,,,,,,,,,,,,,,,,,,,,,,,,,,,,,,,,,,,,,,,,,,,,,,,,,,,,,,,,,,,,,,,,,,,,,,,,,,,,,,,,,,,,,,,,,,,,,,,,,,,,,,,,,,,,"Select 2 units from the list below, of which 1 must be ENTP:","Any ENTP course at 300/400 level, except ENTP 397",ENTP 301,ENTP 305,,,,,,ACCT 424,BLAW 407,BSAN 382,BSAN 360,BSAN 481,CINF 301,COMM 325,CREA 250,CSCI 221,CSCI 321,DIGA 221,DIGA 365,DIGA 398,FENT 350,FENT 355,INTL 450,JOUR 331,MKTG 307,MKTG 441,HRMT 308,MUSC 300,SALS 230,,,Creative Problem Solving,Principles of Entrepreneurship,,,,,,Principles of Business Valuation,Business Law I,Web Development,Project Management,Social Media Analytics,Web Application Development,Organizational Communication,Arts Entrepreneurship,Software Development I,Software Development II,Graphic Design,Electronic Music and Sound Design I,Advanced Digital Arts Studio,Cross-Cultural Negotiation and Conflict Resolution,Governance and Succession Planning,International Entrepreneurship,Multimedia Reporting and Storytelling,Marketing Management,Digital Marketing,Human Resource Management,Career Skills for the Entrepreneurial Musician,Professional Selling and Communication,2,0,1,1,,,,,,0,0,0,0,0,0,0,0,0,0,0,0,0,0,0,0,0,0,0,0,0,0,,,,,,,,,,,,,
